Id,Label,username,name,profile_image_url
2411661290,foamymocha,foamymocha,mocha ♥️,https://pbs.twimg.com/profile_images/2071173722627510272/f-zFk-1B_normal.jpg
1764348753870209025,SopaMirai08,SopaMirai08,SopaMirai08,https://pbs.twimg.com/profile_images/2067071476881149952/neVG2H_g_normal.jpg
2070809429520318464,Dvne_artz,Dvne_artz,Dvne,https://pbs.twimg.com/profile_images/2070810098616705024/852jrDjH_normal.jpg
1069801654768332800,ikimaruart,ikimaruart,ikimaruart,https://pbs.twimg.com/profile_images/1652776457943363587/rV92gEF1_normal.jpg
912942541011533824,LeviathanCole,LeviathanCole,Leviathan Cole,https://pbs.twimg.com/profile_images/1998728608295317504/BX6pW7un_normal.jpg
1725517025873719296,Kiru_Tigrist,Kiru_Tigrist,Kiru_Tigrist,https://pbs.twimg.com/profile_images/2062128645481619456/S9l-yhzJ_normal.jpg
2069319829287288833,Iregyuratrailer,Iregyuratrailer,Astra,https://pbs.twimg.com/profile_images/2069321081521897472/KFmlbFX0_normal.jpg
1988128075775950848,funbundoll,funbundoll,funbundoll,https://pbs.twimg.com/profile_images/2068395352282316801/D6jM45pZ_normal.jpg
1208763210368720897,Andrea40955053,Andrea40955053,Round Pingu,https://pbs.twimg.com/profile_images/1271858426159775745/IPXfh4kO_normal.jpg
2018853320291692545,ppCartoon_,ppCartoon_,PeanutPizza,https://pbs.twimg.com/profile_images/2061819289989152768/tzqnpsEs_normal.jpg
1579049013273206785,Ellie_Louisse,Ellie_Louisse,Ellie_Louisse,https://pbs.twimg.com/profile_images/2071881342371954688/HJFT1_Sw_normal.jpg
2032181707550703618,ValentinaC12699,ValentinaC12699,Valentina Caetano,https://pbs.twimg.com/profile_images/2032182121385836544/oGyT8j9e_normal.png
1974516002307084288,paffshy,paffshy,paffshy,https://pbs.twimg.com/profile_images/1974516456374038528/pWWbwumv_normal.jpg
1138904526835134464,FredFreakster,FredFreakster,Vantur,https://pbs.twimg.com/profile_images/1138908328325799939/eL6fOOJM_normal.jpg
1987664011924832256,iwmsb_777,iwmsb_777,iwmsb_777,https://pbs.twimg.com/profile_images/2064845277291253761/KxNs5FZV_normal.jpg
914630969872846848,JamieVitas,JamieVitas,Jamie,https://pbs.twimg.com/profile_images/931744393064865792/2eaS9DTF_normal.jpg
2037608080486088704,alexa_artist123,alexa_artist123,alexa_artist123,https://pbs.twimg.com/profile_images/2064493321008058368/_PZZ8NG3_normal.jpg
1801922075709370368,weirdkitt,weirdkitt,🪱dirty mutt🐶,https://pbs.twimg.com/profile_images/1801923095093014528/MOKrU14P_normal.jpg
1115375443450818561,Dappy_Doll,Dappy_Doll,Dappy_Doll,https://pbs.twimg.com/profile_images/2069905951553957888/KqnziMeq_normal.jpg
1649282785503264770,lamr44732,lamr44732,Fandomcomfort23,https://pbs.twimg.com/profile_images/2049171096747061248/nhAIS2nE_normal.jpg
1662123599870980096,scarlett_c49470,scarlett_c49470,scarlett_c49470,https://pbs.twimg.com/profile_images/2041977656468762626/x3FQd7i5_normal.jpg
1775081423692611584,vxruly,vxruly,twicy,https://pbs.twimg.com/profile_images/2063009542854578176/3JL4AOHc_normal.jpg
974044030530076673,ApplesauceSockz,ApplesauceSockz,ApplesauceSockz,https://pbs.twimg.com/profile_images/2007634587242115073/L23eDtlr_normal.jpg
1823068799211556864,cidorin99833,cidorin99833,iwannabeyourballs,https://pbs.twimg.com/profile_images/2070791478495113216/Bsk-3ePd_normal.jpg
766796253430624257,StarFirell1,StarFirell1,StarFirell1,https://pbs.twimg.com/profile_images/2048183665667305472/CEdikmva_normal.jpg
1451618094573670401,pibediezzz,pibediezzz,pibediezzz,https://pbs.twimg.com/profile_images/2070806019966382080/UnsJCj88_normal.jpg
1064074614849105921,maksxd9,maksxd9,maks xd,https://pbs.twimg.com/profile_images/2021737715209994240/kf0_LlUW_normal.jpg
1036957264861585408,glitch_prod,glitch_prod,glitch_prod,https://pbs.twimg.com/profile_images/1922166790655758336/4S2_Nuj3_normal.jpg
1636137934482022403,Peri_Frog4,Peri_Frog4,Lorelai,https://pbs.twimg.com/profile_images/1637336819976089605/s4ZGDM14_normal.jpg
2058625132600672256,pomniweed,pomniweed,pomniweed,https://pbs.twimg.com/profile_images/2068135251931701248/DMm6HOCI_normal.jpg
1386388305378385921,DJ_Dedbeatz,DJ_Dedbeatz,Dedbeatz,https://pbs.twimg.com/profile_images/2009543372483227650/35D_MmvY_normal.jpg
710251947803148288,ewi_miu,ewi_miu,Ewilan_Caeldori [花样年华💜🤘] wanna eat🍈🍞,https://pbs.twimg.com/profile_images/1806692852958695425/IhsKxUC3_normal.jpg
1883742846827839488,ubiquitous_hell,ubiquitous_hell,마러,https://pbs.twimg.com/profile_images/1888849697785413632/nWRgpfhB_normal.jpg
1984766441145712647,luminastria,luminastria,Lumi//Traditional Artist,https://pbs.twimg.com/profile_images/2043406919390683136/UcpCJPJ-_normal.jpg
883078172048330752,AnonByBinge,AnonByBinge,AB,https://pbs.twimg.com/profile_images/2046304019958943744/NSaUPFe-_normal.jpg
1160742469241151488,jaidenstar,jaidenstar,jaidenstar,https://pbs.twimg.com/profile_images/1811669805310816256/uctNiB3N_normal.jpg
1338141425305792517,Memor22_,Memor22_,Memor22,https://pbs.twimg.com/profile_images/2029703330168008705/UItni0LC_normal.jpg
1866414864861687808,SeriousInterna,SeriousInterna,SeriousInterna,https://pbs.twimg.com/profile_images/2023900541865340928/Y-8VrcJB_normal.jpg
1944132048240758784,podecacau,podecacau,podecacau,https://pbs.twimg.com/profile_images/2040991947641491456/xhVM8PhO_normal.jpg
1092590450110881794,Elizabe75860758,Elizabe75860758,HellHound155900,https://pbs.twimg.com/profile_images/1851034232346300416/bZ4ch8PJ_normal.jpg
2038897053795848192,Nova_bmb16,Nova_bmb16,noiva,https://pbs.twimg.com/profile_images/2068242242439921664/bICIHm_1_normal.jpg
2028854285317115905,imsneaker,imsneaker,imsneaker,https://pbs.twimg.com/profile_images/2028854421795262464/4QvUrnZu_normal.jpg
1887059699331457024,onyx_stellar12,onyx_stellar12,onyx🐌,https://pbs.twimg.com/profile_images/1989982520356577280/AEsVfG6m_normal.jpg
1156569801474658305,Luiartiest,Luiartiest,Lui._.artiest,https://pbs.twimg.com/profile_images/1411512833536319494/rvtTRx4S_normal.jpg
1431734662108520455,ToTop0llO,ToTop0llO,ToTop0llO,https://pbs.twimg.com/profile_images/1868004970139652096/ItIUZt3l_normal.jpg
1251425901151166465,Hazel77376013,Hazel77376013,Honey,https://pbs.twimg.com/profile_images/1464127583302434817/tkXYDcF__normal.jpg
2015713136171520000,dromonal6241,dromonal6241,dromonal6241,https://pbs.twimg.com/profile_images/2068115140440997888/qEgOe3kK_normal.jpg
2020826521829875713,makotodayo8083,makotodayo8083,誠,https://pbs.twimg.com/profile_images/2066645609713668096/C1Ydi0Qw_normal.jpg
898264811959660544,gayforelsa,gayforelsa,nina | she/they,https://pbs.twimg.com/profile_images/1628780425278631937/EHtb_dwS_normal.jpg
1965580316338221056,abstragedygayse,abstragedygayse,abstragedygayse,https://pbs.twimg.com/profile_images/2071317074073305088/O0jKORa0_normal.jpg
1321665443824836608,thekittensneeze,thekittensneeze,thekittensneeze,https://pbs.twimg.com/profile_images/2018904205923405824/fctQxMvm_normal.jpg
1602336316972212224,Veronicx004,Veronicx004,Stellyx_x // blink and gone,https://pbs.twimg.com/profile_images/1908993390407987200/UyfGis3l_normal.jpg
1440831753648676871,467Doggo,467Doggo,467Doggo,https://pbs.twimg.com/profile_images/2065070982071554048/nQ5xL97i_normal.jpg
2027874697971699712,Daniel42612Jack,Daniel42612Jack,Jack Daniels,https://pbs.twimg.com/profile_images/2027874749041545216/W7yQlm2O_normal.png
1751812852938076160,VampyAnimations,VampyAnimations,VampyAnimations,https://pbs.twimg.com/profile_images/2031038824650850304/73SJC6m8_normal.jpg
1722575408070270976,Sabbysapy,Sabbysapy,NicKeith🌙,https://pbs.twimg.com/profile_images/2066457404129316864/A8ODltv8_normal.jpg
1985387903170822146,internwtangel,internwtangel,internwtangel,https://pbs.twimg.com/profile_images/2034025420551606272/N2SKNW9Q_normal.jpg
2022977749087113216,slut4sapphos,slut4sapphos,Slut4sapphics,https://pbs.twimg.com/profile_images/2022977920017276928/WAX9K__L_normal.jpg
1538378493221797888,sapphicslvt_,sapphicslvt_,sapphicslvt_,https://pbs.twimg.com/profile_images/1878538170360311808/ovJWGw7P_normal.jpg
1777912167674552320,Carnyvvhore,Carnyvvhore,⋆ ࣪. Ash ✦ׂ ֶָ֢ 🦇💤┆,https://pbs.twimg.com/profile_images/1980100983267926016/QJyhkFyh_normal.jpg
748329166974554112,daryCN_art,daryCN_art,daryCN_art,https://pbs.twimg.com/profile_images/1958919950095327233/7YZcA_oF_normal.jpg
1532377975647219713,DGProductions0,DGProductions0,DG_Productions 📺,https://pbs.twimg.com/profile_images/2061350222647926785/h5v9Zjr2_normal.jpg
1645076661162094592,pa_do_1106,pa_do_1106,パド（PADO）,https://pbs.twimg.com/profile_images/2063552197489811456/TDoXR_mc_normal.jpg
894750545440677892,jefreylol,jefreylol,🇻🇪Maki🇻🇪,https://pbs.twimg.com/profile_images/1919363397579153408/BCRHAbPj_normal.jpg
1741601065991327744,KANA83865285463,KANA83865285463,かなさんだよ,https://pbs.twimg.com/profile_images/2030360117217210368/sN1KO2cM_normal.jpg
1382063762958471168,D_skullface,D_skullface,D skull,https://pbs.twimg.com/profile_images/1908174850927251456/LxQKkDmF_normal.jpg
1441186622582652929,Rulf_Foxton,Rulf_Foxton,Rulf_Foxton,https://pbs.twimg.com/profile_images/2064020169106874368/b5EFWgEe_normal.jpg
1456727792842731520,Jonathan1809208,Jonathan1809208,Jonathan,https://pbs.twimg.com/profile_images/1456727861029523456/hQCTnHwe_normal.png
1608216562325921794,Sulbas3D,Sulbas3D,Sulbas3D,https://pbs.twimg.com/profile_images/1755250450733875200/F1r8B9er_normal.jpg
1142819552658636801,1ceDev_,1ceDev_,1ceDev_,https://pbs.twimg.com/profile_images/1822350325824487424/IKo06APs_normal.jpg
1665917450997624833,OpenNSFWSP,OpenNSFWSP,OpenNSFWSP,https://pbs.twimg.com/profile_images/1889590854219595776/biij1wRB_normal.png
1105140660,Bluewriterpanda,Bluewriterpanda,Kageichi Kagi🔞,https://pbs.twimg.com/profile_images/1870242761003212800/SpVyUikC_normal.jpg
2043878389769986048,jaxyozzz,jaxyozzz,kyoz ★ femjax wife,https://pbs.twimg.com/profile_images/2071697743249309696/X9tUBDXR_normal.jpg
1017155311575052289,HaggardNanachi,HaggardNanachi,까나,https://pbs.twimg.com/profile_images/1891315601593040896/2venyj20_normal.jpg
2063058027251408896,naughtydoggyAI,naughtydoggyAI,naughtydoggyAI,https://pbs.twimg.com/profile_images/2071378908524527616/k5P_pSb0_normal.jpg
1123341901,Bo_daciousBabe,Bo_daciousBabe,Bozart,https://pbs.twimg.com/profile_images/2040893577841291264/YY8lY3zv_normal.jpg
1548429243129876480,gem_septem,gem_septem,gem_septem,https://pbs.twimg.com/profile_images/1940656560415416320/B9Iquw8Q_normal.jpg
2071874819063242752,BoydQuinoa,BoydQuinoa,Boyd,https://pbs.twimg.com/profile_images/2071875720725381120/adEnTgis_normal.jpg
1635375363642605569,chxrliesgarden,chxrliesgarden,chxrliesgarden,https://pbs.twimg.com/profile_images/2066649480481423360/njbKCuxe_normal.jpg
1728469798558818304,ADudcenkov26675,ADudcenkov26675,🔅Anastasie🔅,https://pbs.twimg.com/profile_images/2064390920041066496/Z_4bEWKJ_normal.jpg
1103742143171039232,jbasuka1,jbasuka1,jbasuka1,https://pbs.twimg.com/profile_images/2070824800248004608/44kdHNcc_normal.jpg
1992163536546746369,z_xiavi_si,z_xiavi_si,ia𝚿i (will be seeing bts in 2027‼️),https://pbs.twimg.com/profile_images/2068332543775301632/SUDr-zV__normal.jpg
1187776508670050304,Sinzurinko1,Sinzurinko1,Roulesh lgi makan 🍜,https://pbs.twimg.com/profile_images/2058570369255211008/itcZCudp_normal.jpg
1443428467576610818,ShadowFlare269,ShadowFlare269,Shadow,https://pbs.twimg.com/profile_images/2058311130502574080/Tg2HUu0t_normal.jpg
1683879055752572930,ORCHESTRA_000,ORCHESTRA_000,ORCHESTRA_000,https://pbs.twimg.com/profile_images/2041582567309385728/EW0xjCgy_normal.jpg
870824804651339776,Spaicy_Project,Spaicy_Project,Spaicy_Project,https://pbs.twimg.com/profile_images/1839198686015836160/1Pepl8JS_normal.jpg
1527649324313759746,Is_El_Rulo,Is_El_Rulo,Is El Rulo,https://pbs.twimg.com/profile_images/1527649444430233619/iUKFfk1K_normal.jpg
1748116499062308864,fandeopm,fandeopm,🥺😭🥺💧😭🥺💧🥺😭🥺💧😭🥺😭💧😭🥺🥺😭💧😭,https://pbs.twimg.com/profile_images/2047866295333318656/dyI1GvYm_normal.jpg
1532032452063113217,RealMicrogaming,RealMicrogaming,RealMicrogaming,https://pbs.twimg.com/profile_images/2068389740135477248/MqrFd7-e_normal.jpg
2865819235,RobcastXM,RobcastXM,RobcastXM,https://pbs.twimg.com/profile_images/1800066363878146048/6KV4amW1_normal.jpg
828012359276961792,LukaszBorges,LukaszBorges,LukaszBorges,https://pbs.twimg.com/profile_images/2038272235115335680/k2cvM1RD_normal.jpg
1241618312481714177,MotyaGamesTV,MotyaGamesTV,MotyaGamesTV,https://pbs.twimg.com/profile_images/2070746614369579008/5ynS2IbU_normal.jpg
1713234453584138241,malikradwan_m6,malikradwan_m6,malikradwan_m6,https://pbs.twimg.com/profile_images/1907157033222041600/JHiBLgvg_normal.jpg
1423694429542522882,nero_striker,nero_striker,Nero striker,https://pbs.twimg.com/profile_images/1423694497091788807/Ph1iq-m7_normal.jpg
1152256130678063109,the_flower735,the_flower735,flowerboy,https://pbs.twimg.com/profile_images/1750281275049713664/ZHJ0lChv_normal.jpg
1700489368199421952,raisa_justnpc,raisa_justnpc,wHusshh,https://pbs.twimg.com/profile_images/2007349831090741248/UtTkaDCV_normal.jpg
1268619430595923969,mutavix,mutavix,mutavix,https://pbs.twimg.com/profile_images/2013390035047817216/HcNuiyyv_normal.jpg
1558982684612759553,jinpngqng1,jinpngqng1,絕筆,https://pbs.twimg.com/profile_images/1950633980317011968/CpMHvq6K_normal.jpg
1867785071370862592,Kittay_Lizzay,Kittay_Lizzay,🦋🐍Lizzay!!,https://pbs.twimg.com/profile_images/2068156502813052928/obkiSdp8_normal.jpg
2068509553428410369,yourfunbunny,yourfunbunny,yourfunbunny,https://pbs.twimg.com/profile_images/2068510658967273472/kYWdO5SQ_normal.jpg
2035237414533279744,ttsumiio,ttsumiio,tsumii,https://pbs.twimg.com/profile_images/2061050326455586821/Hae8QP7d_normal.jpg
1704250860459433984,Acrobi10,Acrobi10,ᗩmarilla (𝓐𝓶𝓪𝓻𝓲𝓵𝓵𝓲𝓷'𝓼 𝔀𝓲𝓯𝓮) 🌷🎀,https://pbs.twimg.com/profile_images/2037991900347527170/L6j9nAVI_normal.jpg
1521692965067837446,richelleee22,richelleee22,wjaksns,https://pbs.twimg.com/profile_images/2055581414901547008/NX4EfMvi_normal.jpg
1758213030121185280,Emis_shrimp,Emis_shrimp,Slumbering Shrimp 🦐,https://pbs.twimg.com/profile_images/1758213793606164480/PWhZDZa1_normal.jpg
709816407668744192,lesbabcarrie,lesbabcarrie,Carrie IS MEETING DAN AND PHIL,https://pbs.twimg.com/profile_images/2071225328815493120/QxJLa5L-_normal.jpg
1811341271736422400,tiramisunano_da,tiramisunano_da,tiramisu,https://pbs.twimg.com/profile_images/1823727898236477442/aSuIHHeq_normal.jpg
2005874060287528960,funbuno6,funbuno6,luc ⭐️🎪⁉️,https://pbs.twimg.com/profile_images/2068326790003916800/OkEXQjei_normal.jpg
1864403084191125504,soe4325,soe4325,soe,https://pbs.twimg.com/profile_images/2026553643701514245/J6uvpaun_normal.jpg
807551534741549057,B1yck,B1yck,B1yck,https://pbs.twimg.com/profile_images/1027172185184645120/W1gH8Ow-_normal.jpg
1482161129526902784,P4st3ldepapa,P4st3ldepapa,Bell 💫☁ ⟭⟬ VA A VER A BTS,https://pbs.twimg.com/profile_images/2062156642624344064/Y6ZcOBhi_normal.jpg
945729819903496192,mariana_arts18,mariana_arts18,mariana_arts18,https://pbs.twimg.com/profile_images/2057459647037014016/XStXHWke_normal.jpg
1783385805408370688,XameliaO30716,XameliaO30716,shy_bee👉👈,https://pbs.twimg.com/profile_images/2069158349971582976/Fn_A44wA_normal.jpg
1694529984851783680,MashkaTheCat,MashkaTheCat,🏳️‍🌈Mashka🏳️‍🌈,https://pbs.twimg.com/profile_images/1857021254886170625/VuaKbBTQ_normal.jpg
1541212286274215936,luztrazo,luztrazo,luztrazo,https://pbs.twimg.com/profile_images/2067728420147007488/tb2oDXL9_normal.jpg
3317592706,Moku022,Moku022,Moku022,https://pbs.twimg.com/profile_images/2069929770540822528/kYOSWLVI_normal.jpg
2012761209150324736,rezzmrr,rezzmrr,rezzmrr,https://pbs.twimg.com/profile_images/2012761412074958848/37wYvYeW_normal.jpg
2053649903000461312,FemboyKrissy,FemboyKrissy,Pomni,https://pbs.twimg.com/profile_images/2070186638698070016/rY25VJ04_normal.jpg
2040573430467346432,GibblyGooker,GibblyGooker,GibblyGooker,https://pbs.twimg.com/profile_images/2040573550424469504/jtHu-OZr_normal.jpg
1777222496770469889,TheBredFactory_,TheBredFactory_,TheBredFactory_,https://pbs.twimg.com/profile_images/1778333229755318272/nrCwwuc5_normal.jpg
1401805609377357829,merengue_z,merengue_z,merengue_z,https://pbs.twimg.com/profile_images/1979409929757769728/4GvB-a0B_normal.jpg
1485962365665484803,NikkiAArt2,NikkiAArt2,NikkiAArt2,https://pbs.twimg.com/profile_images/2045404692352806912/U0ZlmwDj_normal.jpg
864224552200679424,GistMellow,GistMellow,GistMellow,https://pbs.twimg.com/profile_images/2046796607874613248/0EThORyX_normal.jpg
2016208505699762178,Shallot7011,Shallot7011,999tseuG,https://pbs.twimg.com/profile_images/2016210874722340864/DtA7QY52_normal.jpg
1852520910596739072,Rafiffalah66624,Rafiffalah66624,Rafiffalah,https://pbs.twimg.com/profile_images/2040364466106425344/rtKvHBXa_normal.jpg
1797807471903350784,IzomarMore32927,IzomarMore32927,Izomar Moreira Correa,https://pbs.twimg.com/profile_images/1797807838531555328/RGdOjOVh_normal.jpg
1795871748128493568,zooble_1,zooble_1,zooble_1,https://pbs.twimg.com/profile_images/2051021814693085184/flo54e6y_normal.jpg
1136892945225932800,darya_sweetie,darya_sweetie,♿️dari | #ActuallyDisabled,https://pbs.twimg.com/profile_images/2069893742505394176/MNLJuCrs_normal.jpg
868566305154191360,joshdamn23,joshdamn23,joshdamn23,https://pbs.twimg.com/profile_images/1952573699103825920/K9WlLnN-_normal.jpg
66700483,BeyondXThePale,BeyondXThePale,Azura Nagomii,https://pbs.twimg.com/profile_images/2061247342930427906/UnVOfa6p_normal.png
1542753788012146688,PhngTrnThHuyn1,PhngTrnThHuyn1,phuong_2110,https://pbs.twimg.com/profile_images/1865639089950887936/dd-sJ6dp_normal.jpg
1363347387138273281,Ebbpup,Ebbpup,Ebbpup🐀🍉 🩷💎🎮💙,https://pbs.twimg.com/profile_images/1840577000081403904/J7Tgl6Qn_normal.jpg
1640432433131601920,Cheddar_ito,Cheddar_ito,timtam gerard way 👾 |heartfixer. |•FREE 🇵🇸,https://pbs.twimg.com/profile_images/2062204042143744001/hwcvA0z3_normal.jpg
2565779154,DbDavid13,DbDavid13,It's all soup,https://pbs.twimg.com/profile_images/1695404373738676224/IIueHD74_normal.jpg
1944194913693822976,ElPe234,ElPe234,Unpersonanormal,https://pbs.twimg.com/profile_images/1944213444917338112/5BtaBqhZ_normal.jpg
1426096960935632896,ekumeart,ekumeart,ekumeart,https://pbs.twimg.com/profile_images/2042785117572145152/29wbO1c-_normal.jpg
1589098940896534528,OBobxulo,OBobxulo,OBobxulo,https://pbs.twimg.com/profile_images/2034694643263160320/U2bf7j2G_normal.jpg
1778529836929269761,LewisMoone26479,LewisMoone26479,Lewis,https://pbs.twimg.com/profile_images/1778529959671459840/p6BWfZb1_normal.png
1536773902516506624,notNaota,notNaota,Naota,https://pbs.twimg.com/profile_images/1547044160900849666/oR01KVBw_normal.jpg
1711562508623073280,Uravity98114,Uravity98114,Uravity98114,https://pbs.twimg.com/profile_images/1854731564086890496/Ge1CmnCV_normal.jpg
960070230373490688,EepyLoser,EepyLoser,⋆✮🎧₊ 🐑 ˙˖° loser ° ˖🦉 ˙₊🎶✮⋆,https://pbs.twimg.com/profile_images/2065536134935920640/fh3FJRcS_normal.jpg
1586180299855384577,StragicTea,StragicTea,StragicTea,https://pbs.twimg.com/profile_images/2071797224884035584/T2iqQEdv_normal.jpg
1532455303383597080,Starzz_FN,Starzz_FN,jimmy job joh,https://pbs.twimg.com/profile_images/1852621464756719616/Cts7dLlj_normal.jpg
1347460460732436480,CounterSfm,CounterSfm,CounterSfm,https://pbs.twimg.com/profile_images/1876132660860395522/TviHAjyb_normal.jpg
1324651170799869952,geministarsign1,geministarsign1,geministarsign1,https://pbs.twimg.com/profile_images/1755430332881641472/BVxTImhd_normal.jpg
2069323014769184768,showtime_Lover_,showtime_Lover_,젠틀니,https://pbs.twimg.com/profile_images/2071208750330130433/ZW-nGfiU_normal.jpg
1154130416929894400,DBFighterZFan19,DBFighterZFan19,DBFighterZFan19,https://pbs.twimg.com/profile_images/2060885270673903618/5GJ4H3fV_normal.png
1925958828,mumu_ELMER,mumu_ELMER,_mumumin.,https://pbs.twimg.com/profile_images/995117979678392321/6SqjQD5E_normal.jpg
1180857173469011968,SweetAlien1010,SweetAlien1010,Alien,https://pbs.twimg.com/profile_images/1272270125803229188/gjXc7bgZ_normal.jpg
2043571759769694208,Creativewafflee,Creativewafflee,Creativewafflee,https://pbs.twimg.com/profile_images/2070554100421242880/Oos8cV9m_normal.jpg
1309092090438127617,Bernkastel112,Bernkastel112,Bernkastel11,https://pbs.twimg.com/profile_images/1553393041377206272/fbdDMiCy_normal.jpg
1772968317935902720,ch69591,ch69591,ch dez,https://pbs.twimg.com/profile_images/1772968370775760896/HJjb-bVc_normal.png
2041076773442514944,ui_uo55961,ui_uo55961,Ui Uo,https://pbs.twimg.com/profile_images/2041076912613691392/-Ok3kULC_normal.png
1400687451551772676,Ryz_Ryz_,Ryz_Ryz_,Ryz_Ryz_,https://pbs.twimg.com/profile_images/1822009396576055296/quRmcwuG_normal.png
1361739279261655048,GuyRich06739655,GuyRich06739655,Goanimate Mac Guff,https://pbs.twimg.com/profile_images/1556963427716825091/BK62O9-G_normal.jpg
1554144781869240320,SpongebobSpinel,SpongebobSpinel,Spongebob The Spinel The Strong Spinel,https://pbs.twimg.com/profile_images/1802491041062240256/ei8bE41z_normal.jpg
1702893028690866176,cholo_plays,cholo_plays,CholoPlays,https://pbs.twimg.com/profile_images/1852290605889765376/j2ciTWII_normal.jpg
1207882860541153280,buddy0064,buddy0064,Lol,https://abs.twimg.com/sticky/default_profile_images/default_profile_normal.png
1328066334454845443,_sxucee,_sxucee,_sxucee,https://pbs.twimg.com/profile_images/1793850302715629568/rfgRLyi0_normal.jpg
1255477120756744196,N0vaEmber,N0vaEmber,やっぴ ◢⁴⁶,https://pbs.twimg.com/profile_images/2033276233585192960/Ok-kai6p_normal.jpg
1137148549098065925,OpenClaw_AI_,OpenClaw_AI_,OpenClaw_AI_,https://pbs.twimg.com/profile_images/2070497376377229312/hf3OlioB_normal.jpg
93483634,ilanchogold,ilanchogold,Flaco,https://pbs.twimg.com/profile_images/2037211925935685632/5uK5f8RC_normal.jpg
508818108,iScan_AI,iScan_AI,iScan_AI,https://pbs.twimg.com/profile_images/2070510256619229184/2dwBlW8g_normal.jpg
1104803597294944257,rainbowscout4,rainbowscout4,PonPon,https://pbs.twimg.com/profile_images/2028374609368653824/sTKcgy9T_normal.jpg
2035337465981190144,icemeeps,icemeeps,NCAIL2,https://pbs.twimg.com/profile_images/2071870267379392512/Hz2UzJ2k_normal.jpg
2015768122595184640,bourglor,bourglor,bourglor,https://pbs.twimg.com/profile_images/2061360682679816195/I0XGeoBY_normal.jpg
927120353867939840,DrillbotKillbot,DrillbotKillbot,⎝🤖⎠ Lavender ⎝🍄⎠ gastronomic brick layer,https://pbs.twimg.com/profile_images/1553210973808259072/_uesP7Fi_normal.jpg
1972024274522099712,satomifucker,satomifucker,satomifucker,https://pbs.twimg.com/profile_images/2066746057879412736/BbCaCIS8_normal.jpg
1451813739108331523,Yoshi_TanoMao,Yoshi_TanoMao,Dane_dan,https://pbs.twimg.com/profile_images/1685224488936648704/NrlGrt7F_normal.jpg
1203363845210816513,BRIAN4838,BRIAN4838,DIABLO,https://pbs.twimg.com/profile_images/1418802895055691776/DNaDRoHq_normal.jpg
1348527873187958787,sunnyora2,sunnyora2,sunnyora,https://pbs.twimg.com/profile_images/2064259849941286912/ocT92ST3_normal.jpg
1980786948899061760,TwixInaBlender,TwixInaBlender,TwixInaBlender,https://pbs.twimg.com/profile_images/2065819112694280192/uhVlT_l3_normal.jpg
2056184359124914176,MillySylveonAI,MillySylveonAI,MillySylveonAI,https://pbs.twimg.com/profile_images/2056186515043274752/mk1hevIR_normal.jpg
1631695727133962240,n3llyberryx,n3llyberryx,nana — is mourning tadc,https://pbs.twimg.com/profile_images/2071652329372160000/yYb0SBN5_normal.jpg
1309550953775984641,SmcSorcerer,SmcSorcerer,Sorcerer SMC,https://pbs.twimg.com/profile_images/1609152098469396480/wRXLtsvh_normal.jpg
1779955657782726656,Espaking2,Espaking2,Springtrap,https://pbs.twimg.com/profile_images/1874607352113975296/YxzXgfF4_normal.jpg
1301403953121427457,sapphicfunbun,sapphicfunbun,sapphicfunbun,https://pbs.twimg.com/profile_images/2068467680479186944/dMC0lfW2_normal.jpg
1795630528995209216,DannyMarianno,DannyMarianno,Psychclops,https://pbs.twimg.com/profile_images/1844348142885785600/ilK_w8VI_normal.jpg
1780743145778548736,rumirassapphic,rumirassapphic,rumirassapphic,https://pbs.twimg.com/profile_images/2066375410099597312/Lhwke4VH_normal.jpg
117111546,axelmars17,axelmars17,AJ,https://pbs.twimg.com/profile_images/763740030426689537/hXA0Tr_A_normal.jpg
1409593138990157824,Geku_wolf,Geku_wolf,Geku,https://pbs.twimg.com/profile_images/1985868505296560128/7e1UK6CB_normal.jpg
1180571668114235392,anxiety_coffee_,anxiety_coffee_,Yukki u3u,https://pbs.twimg.com/profile_images/1664125961724477441/aOdKkspf_normal.jpg
1145270191644979200,cateri000,cateri000,Cateri000,https://pbs.twimg.com/profile_images/1145800204169469952/2NsHqEPP_normal.jpg
1791544521802555392,CrowAtePumpkin,CrowAtePumpkin,yoy,https://pbs.twimg.com/profile_images/2067131176867786752/bdpZFICb_normal.jpg
1854792145456316416,AmethystIzu_1,AmethystIzu_1,CEO of Bakugo Katsuki🪻🌷,https://pbs.twimg.com/profile_images/2068647306648272897/EjpElgLk_normal.jpg
1692412069679693825,xLukk4444,xLukk4444,LUCC★!!! 🇵🇾,https://pbs.twimg.com/profile_images/2069153231268347904/bSoLvICH_normal.jpg
1650078475485876227,Finley_isnthere,Finley_isnthere,Finley,https://pbs.twimg.com/profile_images/1717723514470649856/jUgLqXfN_normal.jpg
1733962960085606400,LudgerioIs1062,LudgerioIs1062,Luiza,https://pbs.twimg.com/profile_images/1968485436403101696/yqXtqZIx_normal.jpg
1464531264342577160,maciekmarcinia4,maciekmarcinia4,Q-ubi,https://pbs.twimg.com/profile_images/2061972472237309952/QtVNL9wz_normal.jpg
2051642276523253761,astasiangels,astasiangels,astasiangels,https://pbs.twimg.com/profile_images/2051645158148407296/TQxMqRrh_normal.jpg
1807375452685889536,ochakolism,ochakolism,leah michelle ♡,https://pbs.twimg.com/profile_images/1970501753583063040/MYhMlLeD_normal.jpg
1735862256704086016,Yakuza4fan67,Yakuza4fan67,JoebidenBackshots,https://pbs.twimg.com/profile_images/2046762671098511360/Ta71XaXw_normal.jpg
3371078229,tippity,tippity,tippity,https://pbs.twimg.com/profile_images/1985027863758721025/ePL4e8XW_normal.jpg
1846172459067731968,somnisweet,somnisweet,Somni☆,https://pbs.twimg.com/profile_images/2063288442901938178/nqbCWVKw_normal.jpg
1849921868737937413,taxiicabss,taxiicabss,taxiicabss,https://pbs.twimg.com/profile_images/2063848008656044032/iGOVahug_normal.jpg
1452669547597766659,LunaSurawai_07,LunaSurawai_07,Luna Surawai,https://pbs.twimg.com/profile_images/1452669640300273671/ndkg51Hu_normal.jpg
1888856697395105792,donarivenomoth,donarivenomoth,다살자,https://pbs.twimg.com/profile_images/2004447338161754117/kKExeVDK_normal.jpg
2275410032,darkkingyenfay,darkkingyenfay,Court Jester,https://pbs.twimg.com/profile_images/1903302937386029057/DBqdx7ml_normal.jpg
1927120261574217728,Ivanina1997773,Ivanina1997773,starlet,https://pbs.twimg.com/profile_images/1927122603623276544/X3NBrgsP_normal.jpg
564128951,TGExterminator,TGExterminator,TGExterminator,https://pbs.twimg.com/profile_images/1486582824371208192/CWstjw-H_normal.jpg
2311505953,SuchDrift,SuchDrift,such drift,https://pbs.twimg.com/profile_images/860693625549737984/hZDfdvo2_normal.jpg
783002992412884993,AustinObsolete,AustinObsolete,Obsolete,https://pbs.twimg.com/profile_images/2058683762796355585/WE1lyll__normal.jpg
1413383094309212163,bananitobonitoo,bananitobonitoo,𝐆ommy,https://pbs.twimg.com/profile_images/2067476827904307201/GutzQTJ0_normal.jpg
1249868177221259264,IcivaniC,IcivaniC,Icivani,https://pbs.twimg.com/profile_images/1640033369026097152/0H0HACQ0_normal.jpg
1767311263669878784,TsukkiehhArt,TsukkiehhArt,TsukkiehhArt,https://pbs.twimg.com/profile_images/1795484820396449792/LX6wFx_C_normal.jpg
1177356121754996742,GeneralCorona98,GeneralCorona98,Evelynˊ- 🐺🇲🇽 || 🐦‍🔥💙 FÉNIXLAKE ERA,https://pbs.twimg.com/profile_images/2071864500202926080/sbJTj-_h_normal.jpg
1471910935719817220,tuna_random,tuna_random,tuna_random,https://pbs.twimg.com/profile_images/1875057817586995200/0YiANZQB_normal.jpg
1580555653214527488,lutodde,lutodde,Orumaito11,https://pbs.twimg.com/profile_images/2045692533016035328/w4CEg5xg_normal.jpg
1679140103141351426,Napha_Korn,Napha_Korn,Napha_korn,https://pbs.twimg.com/profile_images/2053336375379079168/ZuZ4rx2V_normal.jpg
2042350864405274624,SchoenNeda97793,SchoenNeda97793,.?!,https://pbs.twimg.com/profile_images/2048426423543865344/SV9QKDMc_normal.jpg
1361885480,Ort372466228276,Ort372466228276,There's This Ginger Bastard...,https://pbs.twimg.com/profile_images/1464741920702357506/sHkgH0hN_normal.jpg
1448100686,OkanoDuk,OkanoDuk,Okano Dukes,https://pbs.twimg.com/profile_images/1395290246233792513/WKuq2Lcq_normal.jpg
1722531998412263424,goodtoseayou,goodtoseayou,Soothing Serenade,https://pbs.twimg.com/profile_images/1871419553668087808/7gYvV7Sg_normal.jpg
1419249971019255812,hope_and_what,hope_and_what,hope_and_what,https://pbs.twimg.com/profile_images/2069632521898250240/OUN2AklT_normal.jpg
1943469171779469312,arisqueso,arisqueso,arisqueso,https://pbs.twimg.com/profile_images/2068381547720323072/SmH8xfrZ_normal.jpg
1349540896308654081,nyanee444,nyanee444,nyanee444,https://pbs.twimg.com/profile_images/2034260305702977537/j3MX7GDL_normal.jpg
2028015082505179140,Sweet_Lemon_Art,Sweet_Lemon_Art,ℂ𝕠𝕤𝕤𝕪 𝕃𝕖𝕞𝕠𝕟,https://pbs.twimg.com/profile_images/2028017385463058432/1C1oXU-9_normal.jpg
1157609629330956290,BISEXUALPOMNI,BISEXUALPOMNI,BISEXUALPOMNI,https://pbs.twimg.com/profile_images/2052008941719113728/U2--9yRf_normal.jpg
1516614732555378690,JoseGames1602,JoseGames1602,⚡𝕯𝖆𝖗𝖐𝕹𝖎𝖌𝖍𝖙⚡,https://pbs.twimg.com/profile_images/1985566475113910272/z1KhxeZQ_normal.jpg
1963688622236033024,Turmalina102,Turmalina102,Turmalina,https://pbs.twimg.com/profile_images/2067849923320569856/30w8eN2r_normal.jpg
1144116927775813633,lesbianrags,lesbianrags,lesbianrags,https://pbs.twimg.com/profile_images/2068096828143222784/TZFip7Uc_normal.jpg
2069855023169773568,Spudmania67,Spudmania67,Liquidasfboy (Quake),https://pbs.twimg.com/profile_images/2070794898509328385/z610qDKN_normal.jpg
1360003270530396162,Zscreamscream,Zscreamscream,Scream 💛🤍💜🖤,https://pbs.twimg.com/profile_images/1874662408649904130/kQvAscKV_normal.jpg
764352420,CsarEduardo6,CsarEduardo6,Elizalde,https://pbs.twimg.com/profile_images/1754744673359597568/OXsPNj7V_normal.jpg
1742736190208409601,peel456,peel456,Fentylordyjr,https://pbs.twimg.com/profile_images/2056529645013458944/pRO1L6FQ_normal.jpg
975193136841420800,Goldnesquik7,Goldnesquik7,GoldSquid(Open's Commissions),https://pbs.twimg.com/profile_images/1475621836926951427/leqF1p4D_normal.jpg
1679431574821937153,Hank_W1mblet0n,Hank_W1mblet0n,Hank J. Wimblegen,https://pbs.twimg.com/profile_images/1970219662722961408/10a2e3gy_normal.jpg
777029230051950593,callmesenzu,callmesenzu,callmesenzu,https://pbs.twimg.com/profile_images/2065563086069899264/244PG5uY_normal.jpg
1046112544602181632,Mayoski6,Mayoski6,Mayo🔞,https://pbs.twimg.com/profile_images/1834302043734921216/jjoHM0QA_normal.jpg
954693231379333120,ramongiron101,ramongiron101,cookie demon,https://pbs.twimg.com/profile_images/1110788899083702273/8yBqqw8z_normal.png
1616499918088052741,MMDXXX69,MMDXXX69,MMDXXX69,https://pbs.twimg.com/profile_images/1616516391321931779/2jbx8s-8_normal.jpg
1057558864944541696,witchysun,witchysun,Haen ♡,https://pbs.twimg.com/profile_images/2052246182655885312/ImYUAK_3_normal.jpg
2068185011719962624,pomnigooner57,pomnigooner57,pomnigooner57,https://pbs.twimg.com/profile_images/2069016330494513152/DexphUY7_normal.jpg
1668103888082440192,xWTX5zXGX04676,xWTX5zXGX04676,みかんうぱ次郎,https://pbs.twimg.com/profile_images/1896800383626084352/HHlhbVq9_normal.jpg
1278983819626975233,BabulsArt,BabulsArt,BabulsArt,https://pbs.twimg.com/profile_images/2056737213774213121/x_-4Q-xn_normal.jpg
1164373694048866306,jeff_sketches,jeff_sketches,😈Jeff_Sketches😈,https://pbs.twimg.com/profile_images/2059724490024644610/txDh2Ukm_normal.jpg
1221378292487348225,P345_KH_MC,P345_KH_MC,TheFaithTrio 🇵🇸🇵🇸,https://pbs.twimg.com/profile_images/1409374916688846849/WCSUAyTB_normal.jpg
1740334303538495488,Rominadrawsart,Rominadrawsart,🌙Romina❄️ 🖤TEAM MYSTERY♥️,https://pbs.twimg.com/profile_images/1984509906657882112/-ohMQlNG_normal.jpg
1594611117716025345,NotAnArtist_TOT,NotAnArtist_TOT,Da_Dolpen_3,https://pbs.twimg.com/profile_images/1733853673640570880/5BuGSt68_normal.jpg
1360457619589185539,TechAce96,TechAce96,Ace,https://pbs.twimg.com/profile_images/1889854396617363456/yMvqLJ30_normal.jpg
957713749955276800,FlowersOfPink,FlowersOfPink,MIKU.,https://pbs.twimg.com/profile_images/1030191458932928514/oFWb89qE_normal.jpg
1754314254159695872,Notmanxd,Notmanxd,Lextor🐢,https://pbs.twimg.com/profile_images/2053598810475991041/2-B0E4PW_normal.jpg
1752548059110662144,MooManTheGod,MooManTheGod,MooMan,https://pbs.twimg.com/profile_images/2011255799683624961/AH0msnOr_normal.jpg
1481865939968610305,bluberycroisant,bluberycroisant,🎀 ennivia 🌟,https://pbs.twimg.com/profile_images/2028122706227671040/jXZSv_SV_normal.jpg
1569879269890834432,MeryXLov3,MeryXLov3,M3ryX_.☘,https://pbs.twimg.com/profile_images/2062265604027936768/9KUOLCeY_normal.jpg
1882117104758919169,Renzo147369,Renzo147369,Michael_Law_Of_Heaven🇮🇹,https://pbs.twimg.com/profile_images/1886851636401758209/xFoqp03M_normal.jpg
2042751984311078912,mnet003,mnet003,NotABot,https://pbs.twimg.com/profile_images/2042752322774646784/LU-qvbIH_normal.jpg
1816959229434929152,rubygloom054603,rubygloom054603,rubygloom07,https://pbs.twimg.com/profile_images/2062725389189844992/WF8WxmU7_normal.jpg
1680466358843367424,AumThPeggingMe,AumThPeggingMe,ชายแท้ผมยาว(ผมสั้นแล้ว),https://pbs.twimg.com/profile_images/1692743080301236224/eF5n3Uq0_normal.jpg
1136759913219338241,18zart,18zart,18zart,https://pbs.twimg.com/profile_images/1883382405219704832/r_i99Txi_normal.jpg
1161241143419342848,lxmonsqr,lxmonsqr,✦.,https://pbs.twimg.com/profile_images/2026592084451536898/KJSwWuvL_normal.jpg
3106677175,B15052,B15052,BabyB,https://pbs.twimg.com/profile_images/1505740963582713861/Mrha5CZj_normal.jpg
1701267444940038144,MerinoSystemAlt,MerinoSystemAlt,TheMerinoSystem | Aspiring VA | 📻🍎,https://pbs.twimg.com/profile_images/2030965702882906112/pxf7rFpZ_normal.jpg
962517337579679745,Bonnie_yun28,Bonnie_yun28,Bonnie_yun28,https://pbs.twimg.com/profile_images/1926912460310577152/fv3E01mr_normal.jpg
1494856401721638912,slou_poker,slou_poker,JJezu,https://pbs.twimg.com/profile_images/1633591069718859776/D4shNGSn_normal.jpg
1866829664465063936,garoisdead,garoisdead,𝘿𝙚𝙖𝙧 𝙂𝙖𝙧𝙤,https://pbs.twimg.com/profile_images/1869495135056138240/YGon4Qty_normal.jpg
1186730311419383808,reddisdedd,reddisdedd,Red,https://pbs.twimg.com/profile_images/1615083961570525197/SOj-QVyV_normal.jpg
1996939989100474368,stellafeath,stellafeath,Stella,https://pbs.twimg.com/profile_images/2006562355920973824/Fj2XRWdF_normal.jpg
1368216135536099329,SilentNights0,SilentNights0,SilentNight,https://pbs.twimg.com/profile_images/2059260591655501824/ujPJHotO_normal.jpg
1378833941289959424,proksuh,proksuh,proksuh,https://pbs.twimg.com/profile_images/1775958630828847104/dZIXS0Rs_normal.jpg
1720948430556516352,cherry_mischief,cherry_mischief,Cherry Mischief 🩸,https://pbs.twimg.com/profile_images/1975417710365347840/m23u6J-4_normal.jpg
1836676956110168064,W__Justice,W__Justice,W Justice,https://pbs.twimg.com/profile_images/1836678379187191808/HxCWr34N_normal.jpg
1147136709789913089,solo_Jacques,solo_Jacques,PatoJacques✨🌹🐥,https://pbs.twimg.com/profile_images/1784972486930472960/WkhPE9Zm_normal.jpg
471264103,KimiHimeArt,KimiHimeArt,Kimi the Pink Ranger,https://pbs.twimg.com/profile_images/1747588672017379328/qZ7HKHqX_normal.jpg
1084009485788635136,verysofttt,verysofttt,Liquid Steak,https://pbs.twimg.com/profile_images/1176434656834490368/a62IWyyF_normal.png
1992239262012690432,MelonyPeachy,MelonyPeachy,MelonyPeachy,https://pbs.twimg.com/profile_images/1995385109307105280/yPuFLmOR_normal.jpg
1634910597061181440,Pailnos,Pailnos,Jamie,https://pbs.twimg.com/profile_images/2040374528715739136/NQk7nJOd_normal.jpg
1702131353360211968,MoonReelz,MoonReelz,🌠,https://pbs.twimg.com/profile_images/2069120477478731776/8QwV9Go7_normal.jpg
2014231879415705600,Uplifter59,Uplifter59,Uplifter59,https://pbs.twimg.com/profile_images/2051864419701854209/8e0hTILW_normal.jpg
1576649285793456132,Naowakay,Naowakay,LesbLane ⚢,https://pbs.twimg.com/profile_images/2057624896616697856/chpzPySS_normal.jpg
2024427135327490048,ZlXuVZB7St57476,ZlXuVZB7St57476,ふるな🌙*ﾟ,https://pbs.twimg.com/profile_images/2058818160908972032/q3Sd0XSo_normal.jpg
1421193167303581705,Kiury_San,Kiury_San,🦊 Kiury 🇻🇪,https://pbs.twimg.com/profile_images/2061389629404721153/w0XUGNQ5_normal.jpg
1832505243176718336,swiixnw_,swiixnw_,🦭|𝐇𝐈𝐊𝐀𝐑𝐈ˆ𐃷ˆ,https://pbs.twimg.com/profile_images/2070456114727051264/h5qZ3LAR_normal.jpg
2057697143024939009,Finnwhimsistuds,Finnwhimsistuds,:🚀 ̗̀➛𝔣𝔢𝔫𝔱𝔬𝔫𝔶⋆.*:･🎀,https://pbs.twimg.com/profile_images/2066031961479512064/BJTu3P-q_normal.jpg
1581702140057174016,hopecore_hearts,hopecore_hearts,hopecore_hearts,https://pbs.twimg.com/profile_images/2063033235630936064/tcvAqBCr_normal.jpg
1001859373159854081,MikoOneShot,MikoOneShot,Mink,https://pbs.twimg.com/profile_images/2068496770410086401/oOi7a1D3_normal.jpg
1312430143923777536,Miabbit,Miabbit,Miabbit,https://pbs.twimg.com/profile_images/1948763051735359488/-_7VAd-I_normal.jpg
1099605176187609093,MrN0boDyBS,MrN0boDyBS,ʍʀ.ռօɮօɖʏヅ,https://pbs.twimg.com/profile_images/1867821966486310912/5lg67ATA_normal.jpg
1510699880444051462,lesbianorgysex,lesbianorgysex,♡ symphony ♡,https://pbs.twimg.com/profile_images/2070543571208269824/5UbGsrLv_normal.jpg
1109197261777436672,mayo_noice,mayo_noice,Mayonoice |NO ART BOOTHS TO LOOK FORWARD I AM SAD,https://pbs.twimg.com/profile_images/1451123029040242696/rmtxcOTx_normal.jpg
2056822791723446273,Bonedvt,Bonedvt,Bone,https://pbs.twimg.com/profile_images/2056827298993836032/HwhTtQOr_normal.jpg
1870610458505367552,samsung_ja65464,samsung_ja65464,𝜗𝜚.,https://pbs.twimg.com/profile_images/2011863771275530240/3XZGCaQs_normal.jpg
1361332255,ThoughtVacancy,ThoughtVacancy,Demin Weazil,https://pbs.twimg.com/profile_images/1840177272591917056/EvB67emg_normal.jpg
1347300578,Gilition,Gilition,Gilition,https://pbs.twimg.com/profile_images/1875251209268817920/HkgRvEEe_normal.jpg
1199729897372934145,JkU61xjnBnS0TbI,JkU61xjnBnS0TbI,雪糕/蛋糕,https://pbs.twimg.com/profile_images/1938533761802723328/o4VFHW-5_normal.jpg
2041472785961066496,Zack24402297710,Zack24402297710,Zack,https://abs.twimg.com/sticky/default_profile_images/default_profile_normal.png
1952897241636630528,JUSTA_DOLLFACE,JUSTA_DOLLFACE,JUSTA_DOLLFACE,https://pbs.twimg.com/profile_images/2036191652499562498/WxKF01_8_normal.jpg
1838062451461341184,Angelicdrip_,Angelicdrip_,Angeli,https://pbs.twimg.com/profile_images/2069468340934885376/-YHu6Qbc_normal.jpg
1447244295904186368,asu_ati,asu_ati,ASUATI,https://pbs.twimg.com/profile_images/2008115549340098560/AAZ3R9j3_normal.jpg
1683195609916768256,spectixia68795,spectixia68795,spectixia68795,https://pbs.twimg.com/profile_images/1770885448593817600/JT0WiLYk_normal.jpg
1602373790582947841,AlwaysaFool1,AlwaysaFool1,Duru,https://pbs.twimg.com/profile_images/1842637607299170304/VzEypj2s_normal.jpg
1309766520420085760,lolol82739395,lolol82739395,lolol,https://abs.twimg.com/sticky/default_profile_images/default_profile_normal.png
1807891032195190786,azurestardust1,azurestardust1,azure 🌼⭐️🏵💛✧,https://pbs.twimg.com/profile_images/2061467013386530816/ISxSFFd3_normal.jpg
1376360321611354114,kokisaichi,kokisaichi,saelyn 🪷 eiden supremacy (adrien's bestie),https://pbs.twimg.com/profile_images/2071350427589693442/En46Fxie_normal.jpg
1709472653596143616,TheJaxxening,TheJaxxening,🔞TheJaxxed🔞,https://pbs.twimg.com/profile_images/2069019437810716672/eHhQ3gKE_normal.jpg
1239325816971907073,Mammon18801105,Mammon18801105,ellie,https://pbs.twimg.com/profile_images/1688023714036854784/zWdWyQEK_normal.jpg
1217109958036205574,quiverypalm,quiverypalm,quiverypalm,https://pbs.twimg.com/profile_images/2069480688068481024/MYh9Q9N__normal.jpg
1357368289584898053,Goyang_iCutie,Goyang_iCutie,LeeBertomiau.Net? Idk,https://pbs.twimg.com/profile_images/2052659734952468481/ucAAsWAy_normal.jpg
2060001119867490304,googlfhjrst5,googlfhjrst5,googlfhj,https://pbs.twimg.com/profile_images/2060001822526574592/Mkd1YAwd_normal.jpg
1880014856537141248,soupppp123,soupppp123,☭☭☭,https://pbs.twimg.com/profile_images/1882266064387526656/mUyeAQbj_normal.jpg
1276640806812766208,shvl1_shuli,shvl1_shuli,Shvl1,https://pbs.twimg.com/profile_images/1660036127976194050/GQLHraui_normal.jpg
1907921660641959938,bekk2078650,bekk2078650,tokai teio,https://pbs.twimg.com/profile_images/1989954978174095360/Ne2nlwAK_normal.jpg
1208619929001504774,Rayasox,Rayasox,Rayasox,https://pbs.twimg.com/profile_images/2064528916606328832/67cpBVLU_normal.jpg
1992197425587683328,oepiayapo,oepiayapo,🔞Butch el pana🔞🇨🇱,https://pbs.twimg.com/profile_images/2070070038250307584/gytFAUhg_normal.jpg
1699554027221168128,tuquesoconsal,tuquesoconsal,Fade,https://pbs.twimg.com/profile_images/1994105237016059904/i5yBjpjb_normal.jpg
978104234834046976,SonnyDifyaplz,SonnyDifyaplz,Alec Sonny Dickinson,https://pbs.twimg.com/profile_images/1099488434002018306/Xhe2TW19_normal.png
3321407350,Jamo_ART,Jamo_ART,Jamo_ART,https://pbs.twimg.com/profile_images/2061569166713184256/O-TOvUFh_normal.jpg
1435030332198113290,Lanny1200,Lanny1200,L0C4L 🍉,https://pbs.twimg.com/profile_images/2047925900776460288/FU_zPzvN_normal.jpg
843315210861658112,satangoogie,satangoogie,ᴄᴇʀʏs 🇨🇱,https://pbs.twimg.com/profile_images/1708853054177505280/jNKdkCTx_normal.jpg
1716408768999882752,Thomas40259962,Thomas40259962,Thomas,https://abs.twimg.com/sticky/default_profile_images/default_profile_normal.png
1458861518242648066,OroborusArt,OroborusArt,OroborusArt,https://pbs.twimg.com/profile_images/1458881488984973321/vAxNae7v_normal.jpg
1195191315648040960,camsussy,camsussy,aizelle,https://pbs.twimg.com/profile_images/2067725754960605184/_2EGtJEB_normal.jpg
2050123119558524928,Gamb57_67,Gamb57_67,Gamb57_67,https://pbs.twimg.com/profile_images/2070611967644184576/a23DNDTp_normal.jpg
1469043155970494469,M3M0_G2,M3M0_G2,M3M0_GSS2,https://pbs.twimg.com/profile_images/1469329651201978369/72-hYh_9_normal.jpg
1599472860401213441,Proto_VA,Proto_VA,🎙✘𝕾𝖐𝖚𝖑𝖑𝖞_𝕽𝖎𝖔𝖙✘🎙,https://pbs.twimg.com/profile_images/2053439278009483268/8Gt9-Ld7_normal.jpg
1603735382713110533,GoGoLoGoVR,GoGoLoGoVR,GoGoLoGoVR,https://pbs.twimg.com/profile_images/1962850822041022464/Gmpl6zJm_normal.jpg
1657340957803655176,_fxriina,_fxriina,fxrina,https://pbs.twimg.com/profile_images/2042623568442462208/t3Yfx-sa_normal.jpg
1440130060992778241,ghits_n_siggles,ghits_n_siggles,Seraaaa,https://pbs.twimg.com/profile_images/2035951082845933569/lzVlyvC8_normal.jpg
1773125816505008128,kamirouma,kamirouma,Kaai˙˚ʚ(´◡`)ɞ˚˙,https://pbs.twimg.com/profile_images/2071299351729881088/zJ4vgb2O_normal.jpg
1899704068148248576,YumikoLyris,YumikoLyris,🔞Lewka Yumiko🔞,https://pbs.twimg.com/profile_images/2035033165874536448/yGWMsOxb_normal.jpg
776881461584617472,Sr_Senhor,Sr_Senhor,Sr_Senhor,https://pbs.twimg.com/profile_images/2041685475145216001/2bbYRM30_normal.jpg
1924337443748425729,blazeofglory08,blazeofglory08,Jinx🏳️‍🌈,https://pbs.twimg.com/profile_images/1932049736384790528/HcRhvB8Q_normal.jpg
1285151317204377600,diese_pomni,diese_pomni,Line ✨ ( Pomnis Version),https://pbs.twimg.com/profile_images/2071117795572473856/k5BaVwva_normal.jpg
2037348058241892352,JulianSL09,JulianSL09,JulianSL09,https://pbs.twimg.com/profile_images/2040265813286891520/B0alz6Ze_normal.jpg
1147542572476313605,ddroparts,ddroparts,𝒅-𝒅𝒓𝒐𝒑𝒂𝒓𝒕𝒔 🍃 COMMISSIONS OPEN‼️HIATUS‼️,https://pbs.twimg.com/profile_images/1981384196007288832/qckqdAqZ_normal.jpg
1235943766038663169,ander_sly,ander_sly,Sly,https://pbs.twimg.com/profile_images/1342857240328470528/32zAk29d_normal.jpg
1798788098266157058,hajimeilysm,hajimeilysm,hajimeilysm,https://pbs.twimg.com/profile_images/2071281173209243648/KMaHn9Wu_normal.jpg
2044022289805586432,deasdf15748,deasdf15748,johnny bravo,https://pbs.twimg.com/profile_images/2045919777600708608/YBXaf63__normal.jpg
706316985546600449,whippedclouds,whippedclouds,💖Carpe Noctem💖,https://pbs.twimg.com/profile_images/1984557667046891520/hTHHvGHf_normal.jpg
2016613824699252737,abscratchion,abscratchion,abscratchion,https://pbs.twimg.com/profile_images/2016614333967413248/0uwQLeK5_normal.jpg
1675348819863801857,anh_trn77513,anh_trn77513,Maria,https://pbs.twimg.com/profile_images/2044508041593364480/CzHyGJGM_normal.jpg
1464121750103470125,Bai_Longx,Bai_Longx,®moonharuni,https://pbs.twimg.com/profile_images/1968572900253769728/E45CrFaG_normal.jpg
1752316646537019392,vivianadoodlez,vivianadoodlez,♥︎viviana/vivi♥︎ tadc finale depression arc,https://pbs.twimg.com/profile_images/2068415957496668160/tuh_rK-h_normal.jpg
1445473800779288577,Ch3rryxBl0som_,Ch3rryxBl0som_,✨🖋️☠︎★!𝗠𝗢𝗞𝗞𝗔𝗜!★☠︎︎🎧💫,https://pbs.twimg.com/profile_images/1733409425757806592/4UnwBF5-_normal.jpg
1310301323645120514,UsekoWhorechata,UsekoWhorechata,ウセコ✨️🔞,https://pbs.twimg.com/profile_images/1741929793556299777/dnFwmFWd_normal.jpg
1540273839921172480,Arties_sauce,Arties_sauce,Arties_sauce,https://pbs.twimg.com/profile_images/1763283150673694720/2O34_PiP_normal.jpg
1897879680709279745,M1zuFr,M1zuFr,/-M1zuFR-\ || GI OW and AVTWT,https://pbs.twimg.com/profile_images/2018911463122120704/4NUOUdyD_normal.jpg
1313143476083658753,petal_rxse,petal_rxse,petal_rxse,https://pbs.twimg.com/profile_images/2044518486509293568/xTW1TJDZ_normal.jpg
2782541813,s_g_g_p,s_g_g_p,Sexy Geek Girls Photos | SGGP,https://pbs.twimg.com/profile_images/1763487854599061504/hR_VmO4f_normal.jpg
1590400676076601350,RegenaMcneill,RegenaMcneill,RegenaMcneill,https://pbs.twimg.com/profile_images/1878483492432146432/9cVerqxg_normal.jpg
2020117762115301376,ItzAntz_7,ItzAntz_7,ItzAntz7,https://pbs.twimg.com/profile_images/2020118351784148992/NFgV2pPn_normal.jpg
1568586021905768449,t_tPhantom,t_tPhantom,t_tPhantom,https://pbs.twimg.com/profile_images/2065476867704950784/53EXvpdM_normal.jpg
1350627607428141057,NekomuraAkane,NekomuraAkane,NekomuraAkane,https://pbs.twimg.com/profile_images/1995871774479704064/yrFLlFqS_normal.jpg
1934050755750817792,zpeffff,zpeffff,xoe,https://pbs.twimg.com/profile_images/2023530557540294656/Ks38MWIT_normal.jpg
802833496028758022,dear_gna18,dear_gna18,dearG.na🌹,https://pbs.twimg.com/profile_images/1692982339696312320/ir8AbhNa_normal.jpg
2025666173673918464,RubAndRide,RubAndRide,Lucifer,https://pbs.twimg.com/profile_images/2053939595415568384/jL0cpk_u_normal.jpg
1866988003215691776,FreakyJesterVA,FreakyJesterVA,FreakyJesterVA,https://pbs.twimg.com/profile_images/2071246223797805056/ijaCpQaZ_normal.jpg
1871664481849282560,puppygirlmel0dy,puppygirlmel0dy,puppygirlmel0dy,https://pbs.twimg.com/profile_images/2028561928398819329/3_wyC6yy_normal.jpg
1725003062618599424,PointyAux,PointyAux,PointyAux,https://pbs.twimg.com/profile_images/1753348165279924224/GJZJYPBM_normal.jpg
1969611475473088516,SitiKaroma9491,SitiKaroma9491,★MDF ENVY★,https://pbs.twimg.com/profile_images/1969626845709811714/d5lsegwi_normal.jpg
1149981113718333440,enkazecanon_,enkazecanon_,lucy is playing tomodachi life;NAGI IS BACK !!!,https://pbs.twimg.com/profile_images/2061368617506082821/gFvVRz0R_normal.jpg
2465122322,Gtt_21,Gtt_21,♡ゲテテ♡,https://pbs.twimg.com/profile_images/1779800401312624640/ZqPJw0ZU_normal.jpg
1879308286828425216,M9llie_,M9llie_,Kira,https://pbs.twimg.com/profile_images/1943584568063463424/a1IkWJLp_normal.jpg
95945457,Shadow_Patch,Shadow_Patch,Rykier,https://pbs.twimg.com/profile_images/441696389764890624/r0rX2Hm4_normal.jpeg
1649765085533941760,Moiralover420,Moiralover420,Nug nugs 🐾🧪 #1 Moira lover,https://pbs.twimg.com/profile_images/2033114665752887298/iv1-ufHX_normal.jpg
1545359728548741123,ragastelle,ragastelle,ragastelle,https://pbs.twimg.com/profile_images/2068761864377409536/Hhb-6NdX_normal.jpg
2038849500828045312,N4teXi79697,N4teXi79697,N4te_xi,https://pbs.twimg.com/profile_images/2038849719741698048/Wh0M8wtt_normal.jpg
1467539557151297536,YourTallestVir,YourTallestVir,Valentino's Iron Abs,https://pbs.twimg.com/profile_images/1555973400656584705/NDHKsXYR_normal.jpg
1965222587807748096,zapachir0,zapachir0,zapachir0,https://pbs.twimg.com/profile_images/2064750363526213632/5kCiPyJq_normal.jpg
2052048911536209924,ZYL0TY,ZYL0TY,(≡・x・≡),https://pbs.twimg.com/profile_images/2071730550788812800/S58-4tqG_normal.jpg
979811372539285504,elenathedumb,elenathedumb,elenathedumb,https://pbs.twimg.com/profile_images/2068064431590801408/LLeiXc2l_normal.jpg
2901829048,Everguy123,Everguy123,Loli belly licker😋💒🪱,https://pbs.twimg.com/profile_images/1936441593881378816/_bGQ_nwg_normal.jpg
2009298273807507456,laruleta2211,laruleta2211,papadoupulos,https://pbs.twimg.com/profile_images/2009298476304056324/KOfOWxVX_normal.jpg
1593359079799390210,MegatronusSuper,MegatronusSuper,MegatronusSupreme,https://pbs.twimg.com/profile_images/1887520244761083904/VthU37Yn_normal.jpg
1689423080131842048,Rico974064,Rico974064,Pookie56,https://pbs.twimg.com/profile_images/1777624739483463680/1jfyjsKR_normal.jpg
1408284989511319553,Mack__O,Mack__O,Mack! 🧨,https://pbs.twimg.com/profile_images/2066930198684078081/HdFsg6o6_normal.jpg
1291374584558567424,ojaaaatos,ojaaaatos,ozaa,https://pbs.twimg.com/profile_images/2069116936487866368/L-tJooaO_normal.jpg
1824470886201823234,NyanCatxTacNayn,NyanCatxTacNayn,kitsy/ksy:3,https://pbs.twimg.com/profile_images/2068187350157373440/Fkx5bwCe_normal.jpg
2025395932292911105,m1zyasha,m1zyasha,m1zyasha,https://pbs.twimg.com/profile_images/2042543570192658436/uTzRw0m9_normal.jpg
3294646953,XObunny04,XObunny04,XObunny04,https://pbs.twimg.com/profile_images/1937349036693995521/cuGCrWg4_normal.jpg
2051760007587168265,Kayliethebitch,Kayliethebitch,Kaylie / angel !!,https://pbs.twimg.com/profile_images/2071875645106237440/8Iv03TXp_normal.jpg
1658202669549232137,jones_Emma0,jones_Emma0,jones_Emma0,https://pbs.twimg.com/profile_images/2070880126406201344/2mmv5yRB_normal.jpg
1281016146020401152,MeltsJack,MeltsJack,Killer8,https://pbs.twimg.com/profile_images/1975778673161641984/DYmFHtGB_normal.jpg
2062125656859705344,ExelionedAlex,ExelionedAlex,Alexander Brzęczyszczykiewicz (Alex),https://pbs.twimg.com/profile_images/2068207662022479872/S9l7zIgy_normal.jpg
1300318522984161280,4cEKEBCQYpD2hHh,4cEKEBCQYpD2hHh,鯰(オス),https://pbs.twimg.com/profile_images/2054503317078994944/GMpj2W0D_normal.jpg
1691123625049358336,i_luv_red_roses,i_luv_red_roses,𝑒𝑙𝑙𝑒♡ | JAX IS A SHE!!,https://pbs.twimg.com/profile_images/2029663531914706944/GilBwjde_normal.jpg
1690666468655153152,namwouri,namwouri,femcel kunkida sex master 1000,https://pbs.twimg.com/profile_images/2061921451826143233/CMf9kkan_normal.jpg
2044078357340454912,Sora18123,Sora18123,Sora,https://pbs.twimg.com/profile_images/2044078444841959424/RtkcNjmy_normal.png
1002453369607237632,heebambi_15,heebambi_15,Heebambi,https://pbs.twimg.com/profile_images/1971185676956860422/PCsvhJ45_normal.jpg
1098724805136736256,ii_nomnom,ii_nomnom,ii_nomnom,https://pbs.twimg.com/profile_images/1742138768361218049/6bmvguL__normal.jpg
1992035615593074688,D33RW1LD_,D33RW1LD_,𝙹𝚞𝚍𝚒 𖦹 ׂ 𓈒 🥞,https://pbs.twimg.com/profile_images/2064223326852067328/W8NNjH5X_normal.jpg
1738528008418283520,Mochi_art00,Mochi_art00,Mochi ⭐ - #1 NUZI LOVER ! !,https://pbs.twimg.com/profile_images/2017928600020987904/gZyFKXiO_normal.jpg
1456029642528366596,EdgeLordDylan69,EdgeLordDylan69,PhantomShadeVA,https://pbs.twimg.com/profile_images/1983946108280745984/Ty-GrqVi_normal.jpg
1801925785059794944,brainthezombies,brainthezombies,Alternate/halohuty,https://pbs.twimg.com/profile_images/2044763392041521152/otUn3W_p_normal.jpg
1792439651896016896,LexiWoof,LexiWoof,Lexie Wood,https://pbs.twimg.com/profile_images/2038744142180954112/4GjvFBk5_normal.jpg
2042971279976763392,ATelefon96688,ATelefon96688,MR.Dunter,https://pbs.twimg.com/profile_images/2069367516812525568/yKgjHn5E_normal.jpg
1616623600970399744,kasaneteto_1fan,kasaneteto_1fan,curetwinklesbow,https://pbs.twimg.com/profile_images/2008349556225044481/EGNjukWd_normal.jpg
1259837738708357122,meatbasement,meatbasement,k🥛🔫,https://pbs.twimg.com/profile_images/2058829811871535104/3fNjkyjs_normal.jpg
1313653604788699137,RevYumkimil,RevYumkimil,Rev YumKimil,https://pbs.twimg.com/profile_images/1814553428430921728/MmqDKV5w_normal.jpg
1954229212069662720,z0a_oc3an,z0a_oc3an,ᘔOᗩ ⋆˚꩜｡,https://pbs.twimg.com/profile_images/1974580838428762115/U8FKqFLd_normal.jpg
1483170725892657156,rabbitholessk,rabbitholessk,rabbitholessk,https://pbs.twimg.com/profile_images/2069947158803914753/3bR604Tv_normal.jpg
1941230765007831044,Topolocoaja,Topolocoaja,justiputita. _.,https://pbs.twimg.com/profile_images/2051038626637582336/thXyNWKc_normal.jpg
2041161335040270336,confused_weasel,confused_weasel,ConfusedWeasel,https://pbs.twimg.com/profile_images/2044167778668519424/z44mDv9S_normal.jpg
1906196162266427392,Evadnes_chan,Evadnes_chan,Evadnes,https://pbs.twimg.com/profile_images/1906196392336302081/qTJ0fjNX_normal.jpg
1358850457662226432,CallaYael,CallaYael,Sausage warmer ✧,https://pbs.twimg.com/profile_images/1810160700540809216/lRbsW24w_normal.jpg
790794034784657408,Magiccatprinces,Magiccatprinces,🏳️‍🌈 Geeky but cute 💜🤍🖤,https://pbs.twimg.com/profile_images/1774390854133612544/2lBGC2Hu_normal.jpg
1363797289542709253,Angelerin_X,Angelerin_X,Angelerin,https://pbs.twimg.com/profile_images/1987053168220651520/LaiNokF5_normal.jpg
1148365883104006144,noodlesnell_,noodlesnell_,noodlesnell_,https://pbs.twimg.com/profile_images/2005607863687778304/l1ZqU-0__normal.jpg
1818388951381454848,imalone230,imalone230,oke,https://pbs.twimg.com/profile_images/2008308372810960897/gBfYk-ph_normal.jpg
1427135611203248132,MinT_07QwQ,MinT_07QwQ,MinT,https://pbs.twimg.com/profile_images/2048135677767004160/2BvF9cZ6_normal.jpg
1421211334352392194,Fujoshitilll,Fujoshitilll,Ray,https://pbs.twimg.com/profile_images/2071752617253097472/Uahnozlz_normal.jpg
1324234910169591811,De4d_aliv3,De4d_aliv3,𝕻𝖆𝖔 🦇,https://pbs.twimg.com/profile_images/2036541263999045632/gLw-EbUn_normal.jpg
1335692806178869250,user823493247,user823493247,user823493247,https://pbs.twimg.com/profile_images/2069939331616100352/PIvfz3r-_normal.jpg
1253963278864113665,TDLBallistic,TDLBallistic,‧₊˚✩ Latias (NuZi & FunBun 💕),https://pbs.twimg.com/profile_images/1746061873697714176/opMXW3nv_normal.jpg
1305607792342990853,Tak0dealpiste,Tak0dealpiste,N0tTak0,https://pbs.twimg.com/profile_images/2048964101993357312/DZBZTrt0_normal.jpg
1589565828034281472,rei_takaradachi,rei_takaradachi,澪.,https://pbs.twimg.com/profile_images/2029462552665903104/bzPCx2K__normal.jpg
719935033,WindyDreams15,WindyDreams15,Tuuli Heikkinen,https://pbs.twimg.com/profile_images/1601610031350292480/HPjkThrQ_normal.jpg
1797331820163600385,Faith_thefox,Faith_thefox,Faith_thefox,https://pbs.twimg.com/profile_images/1797332089093914624/mrApKwIw_normal.jpg
1572836717526421504,nabil_kt,nabil_kt,nabil KT,https://pbs.twimg.com/profile_images/2065821081693544448/BiJOciaJ_normal.jpg
1947722564337340416,jockalysdraws,jockalysdraws,jockalysdraws,https://pbs.twimg.com/profile_images/2061993905923444736/91yiGlJI_normal.jpg
1539233010930831360,3lia778,3lia778,3lia the spoder 🕷,https://pbs.twimg.com/profile_images/2061423267827609600/GMgg_WTA_normal.png
1799116564123316226,The_NannyPlum,The_NannyPlum,Nanny Plum,https://pbs.twimg.com/profile_images/1799118736298803200/5SbJOYV__normal.jpg
1487841879676932104,AnnoyedJax,AnnoyedJax,AnnoyedJax,https://pbs.twimg.com/profile_images/2068312805598539776/uvqv9fOV_normal.jpg
1263084842,YOGB_Mate,YOGB_Mate,YOGB_Mate,https://pbs.twimg.com/profile_images/1401899645832421381/_nVnWVLM_normal.jpg
762971793455849472,GloveWielder,GloveWielder,Glove Wielder 🇵🇭 🇵🇸 (OPEN FOR COMMISSIONS),https://pbs.twimg.com/profile_images/1957798778909425664/ZzkdJCAK_normal.jpg
1540593397873917952,_DigitalAri,_DigitalAri,_DigitalAri,https://pbs.twimg.com/profile_images/1976726140904513536/CjLomIvc_normal.jpg
1873847808933191680,Laurelcgear,Laurelcgear,Laurelcgear,https://pbs.twimg.com/profile_images/2048496240124682240/lipAZ_wa_normal.jpg
1364373422826946560,p6lnaref,p6lnaref,noi,https://pbs.twimg.com/profile_images/1505558784537612290/XoL77CZ2_normal.jpg
1880235237453529088,mew2Day,mew2Day,Daimewtwo,https://pbs.twimg.com/profile_images/2055118318898393088/6fzk2qZO_normal.jpg
1541401226394443777,mozznsfw,mozznsfw,voidkill,https://pbs.twimg.com/profile_images/1980073989423648768/2F9er5zR_normal.jpg
1827425400810856448,GuyThg30780,GuyThg30780,Thg guy,https://pbs.twimg.com/profile_images/1827425455970058240/uIuQwCn6_normal.png
1710792578441101312,BoAnhLHon13409,BoAnhLHon13409,??????OvO,https://pbs.twimg.com/profile_images/1812449987344609281/Jd4Cbn_I_normal.jpg
1332797617055485952,nichimu0,nichimu0,Rumii ⚘ Mei,https://pbs.twimg.com/profile_images/1942236311412215809/ZfiB8kwv_normal.jpg
1261880532239093760,Lucky_IrishPup,Lucky_IrishPup,Lucky_GreenBeast❤️‍🩹🐾,https://pbs.twimg.com/profile_images/1261881311662411777/c4CfLsp-_normal.jpg
85211001,SoftFurSunlight,SoftFurSunlight,SoftFurSunlight,https://pbs.twimg.com/profile_images/1683764985518751745/hdbi3eu3_normal.jpg
1840143009515487232,Alexia_Pomzany,Alexia_Pomzany,Alexia_Pomzany,https://pbs.twimg.com/profile_images/2062003452289662976/ZPI832LQ_normal.jpg
1883531612610351104,rose_ebonn88806,rose_ebonn88806,sparkle,https://pbs.twimg.com/profile_images/2042648159688757249/hgBNh1Hb_normal.jpg
2020113711164452864,HajunJeong0208,HajunJeong0208,hajun,https://pbs.twimg.com/profile_images/2047569749459255296/yUSuU_sg_normal.jpg
1689466335904817152,Sahoryt131836,Sahoryt131836,Sahory.t,https://pbs.twimg.com/profile_images/1689466631779442688/c2sHAsq0_normal.jpg
1977705214619836416,Sk_Aajzq_Rain,Sk_Aajzq_Rain,꒰ঌ_ai໒꒱,https://pbs.twimg.com/profile_images/2071656178321674240/FBfXMKhE_normal.jpg
151689569,kawaiidani,kawaiidani,kawaiidani,https://pbs.twimg.com/profile_images/1537963886829137920/5X-23fK9_normal.jpg
1312434733226180608,JorgeFerGDM,JorgeFerGDM,Jorge Fernando,https://pbs.twimg.com/profile_images/1312435656686276608/BZrghIyU_normal.jpg
221604194,sabakuna_lucy,sabakuna_lucy,𝐌Ø𝐑Ä 𝐋Ä𝐁 ³³,https://pbs.twimg.com/profile_images/1713727987269713920/sDscKWsE_normal.jpg
1755195760923279360,kachimmmi,kachimmmi,kachimmmi,https://pbs.twimg.com/profile_images/1852372417165000704/R7CZh05A_normal.jpg
1785863640375341058,TwiletteLior,TwiletteLior,Zoetrope,https://pbs.twimg.com/profile_images/1932586485360017409/cF2yrmT__normal.jpg
74168104,giugabs,giugabs,giugabs,https://pbs.twimg.com/profile_images/1982491597251006464/MMvAtcm9_normal.jpg
1789300609923096576,onyxwhim,onyxwhim,Snake that eats itself,https://pbs.twimg.com/profile_images/2059942943289671680/oEpyyLdK_normal.jpg
1816505529726029824,Smmousx,Smmousx,mafumafu,https://pbs.twimg.com/profile_images/2070636109223358464/owG7fS22_normal.jpg
1402734297858052098,IsraaSafaa2,IsraaSafaa2,Israa🥀,https://pbs.twimg.com/profile_images/1560351431609163784/MBCCpGg7_normal.jpg
1839557572799721472,Shino_Svr,Shino_Svr,Shino_Svr,https://pbs.twimg.com/profile_images/2063118066914058240/NjSmdCe0_normal.jpg
3397678529,bughej,bughej,bugh,https://pbs.twimg.com/profile_images/2024479610692386816/jL3Olh7J_normal.jpg
1822041913878589440,Cantoqkwj74,Cantoqkwj74,catmap27,https://pbs.twimg.com/profile_images/1822050826627555329/9phf8Lu2_normal.jpg
2043148839570288641,highballantern,highballantern,BeeWax,https://pbs.twimg.com/profile_images/2043148946348896256/HI000ZN__normal.jpg
1470287376953995266,spac3_pers0n,spac3_pers0n,₊✩‧₊ Lunethiel🌘💤 ₊✩‧₊,https://pbs.twimg.com/profile_images/1986973174396010496/vTt3ODJc_normal.jpg
1688498709162795008,ACEN_sheet,ACEN_sheet,@CEN_sheet ⁷ || SAY IT 6/25,https://pbs.twimg.com/profile_images/2064339585031983104/hDPQ9g2T_normal.jpg
1611227570691014659,fandom_trash341,fandom_trash341,don't mind me 🍉,https://pbs.twimg.com/profile_images/1979337701686919168/NxkuhHaQ_normal.jpg
1674254924912414721,zaphthecat,zaphthecat,zaph 🍉,https://pbs.twimg.com/profile_images/2028486784502673408/mmpJKG2O_normal.jpg
2048673394808225792,Sebasgooner67,Sebasgooner67,SebasVillanueva,https://abs.twimg.com/sticky/default_profile_images/default_profile_normal.png
2030043132625309699,strunka_ululu,strunka_ululu,Leah (they/them),https://pbs.twimg.com/profile_images/2068393665811390464/aBaf-OXs_normal.jpg
2343193855,Rexobrine,Rexobrine,Rexter,https://pbs.twimg.com/profile_images/2070188614701756416/LySro17N_normal.jpg
1578530410807468032,smutboy2,smutboy2,Asexual Gooner,https://pbs.twimg.com/profile_images/1782141714976882688/ybcdvKf1_normal.jpg
1594306238485090304,mxfxsa,mxfxsa,mxfxsa,https://pbs.twimg.com/profile_images/2011126314665652224/YAA1j-8o_normal.jpg
1415828861632356353,softshikioni,softshikioni,softshikioni,https://pbs.twimg.com/profile_images/1932136199365275648/VBVhcZuj_normal.jpg
1579011853929582592,qpafterhoursch,qpafterhoursch,qpafterhoursch,https://pbs.twimg.com/profile_images/2035368161198194688/eyd5jxMQ_normal.jpg
1011972875216027648,mayhem62410367,mayhem62410367,mayhem,https://abs.twimg.com/sticky/default_profile_images/default_profile_normal.png
1990593849769799681,57carebears,57carebears,evil pomni’s #1 dickrider✨,https://pbs.twimg.com/profile_images/2050868056461860864/i9tQaI_d_normal.jpg
1873966399573680129,Pluh212119,Pluh212119,Pluh,https://pbs.twimg.com/profile_images/1873966780789776385/FLh5XFeD_normal.jpg
1310496931110514689,saturday_trash,saturday_trash,skuld,https://pbs.twimg.com/profile_images/2034199448734302208/qpDBqk0d_normal.jpg
1486780117422534658,Celesiona,Celesiona,Celes,https://pbs.twimg.com/profile_images/2071474207662182400/JPfb1leP_normal.jpg
3075879719,vick_shimmer,vick_shimmer,♡ Victoria Shimmer/ Comms Open,https://pbs.twimg.com/profile_images/2036195213283303425/90Bo8lEG_normal.jpg
2043536857762279424,lucyymeowie,lucyymeowie,Lucy ✨🔞,https://pbs.twimg.com/profile_images/2070957687869788160/Qg7rJWPr_normal.jpg
1844476339707052034,selfcestsuicide,selfcestsuicide,daisy 🌼,https://pbs.twimg.com/profile_images/2066584910505164800/A6GxnQgK_normal.jpg
1912255343435939840,sillystar15V,sillystar15V,||☆ STARR ☆|| Hazbin fan artist ♡ 📻🍎,https://pbs.twimg.com/profile_images/2010560327067340800/PsJHAuws_normal.jpg
1967833219430051840,CassGothic1,CassGothic1,SantyKun1,https://pbs.twimg.com/profile_images/2058444462347456512/sPFPIn_K_normal.jpg
2051949718218113024,dhd1128225,dhd1128225,dhd,https://abs.twimg.com/sticky/default_profile_images/default_profile_normal.png
1626249244058456064,taku_mt73,taku_mt73,めろん,https://pbs.twimg.com/profile_images/2071260665940148224/NkABKnEd_normal.jpg
1534901199862116353,KennardDeGuzman,KennardDeGuzman,KECanTrust,https://pbs.twimg.com/profile_images/2048058176290033665/G_5rUxuw_normal.jpg
1441504195220328450,abi_Gail_random,abi_Gail_random,abi_Gail_random,https://pbs.twimg.com/profile_images/1595880027358257154/-mt1R7uA_normal.png
1070077526507024385,panzieman,panzieman,🔞 Panzieman 🔞,https://pbs.twimg.com/profile_images/1954472351459897347/mOiqi9l0_normal.jpg
1546129713831223299,LifesRemedy7,LifesRemedy7,LifesRemedy7,https://pbs.twimg.com/profile_images/1554523784627077120/UdDgBT-Q_normal.jpg
2823920664,VonBurner,VonBurner,Graf Heinz von Burner,https://pbs.twimg.com/profile_images/1647539827997302785/aHVAYqdN_normal.jpg
1457791963969765380,UR_CreamSicle,UR_CreamSicle,Undead.Fishstick,https://pbs.twimg.com/profile_images/1989881205521625090/LoEn_0sf_normal.jpg
1523094963898437632,silvrrbell,silvrrbell,･ ｡ * silver ☽ COMMS OPEN,https://pbs.twimg.com/profile_images/2048749416677523456/PDViEeMJ_normal.jpg
1476013976442085386,40benadryl,40benadryl,40benadryl,https://pbs.twimg.com/profile_images/1906116802524127232/BpTlzlm-_normal.jpg
954736591,Boltession,Boltession,🤠🥩🔥🏜️,https://pbs.twimg.com/profile_images/1815897623896707073/r-tNgtIQ_normal.jpg
1741503596410097664,mizimystic,mizimystic,Unique-Orion,https://pbs.twimg.com/profile_images/2070464745002414080/D6_UPWVo_normal.jpg
884412657364643841,addikhabbo,addikhabbo,addikhabbo,https://abs.twimg.com/sticky/default_profile_images/default_profile_normal.png
1655201588569571328,AD4M_AndLUT3,AD4M_AndLUT3,someone,https://pbs.twimg.com/profile_images/2041812785261424640/kRDRS9AX_normal.jpg
1996937457250848768,Yumizlyn,Yumizlyn,crybaby,https://pbs.twimg.com/profile_images/2071568628697473024/vaQh8Z_a_normal.jpg
1935605795217133568,FKanonn46520,FKanonn46520,Wiwi || buka comis,https://pbs.twimg.com/profile_images/2071474102561603584/VvXj3VDN_normal.jpg
1532671651011174400,vanillamelatoin,vanillamelatoin,morgen 🍉,https://pbs.twimg.com/profile_images/2071688856756473856/FXu_ruld_normal.jpg
2055747988451131392,gllerri,gllerri,iii,https://pbs.twimg.com/profile_images/2055748259449356288/oEUMAAQE_normal.jpg
1326507610023976960,genrunussRurick,genrunussRurick,Rizzal,https://pbs.twimg.com/profile_images/1972018396964573196/4gRXNILu_normal.jpg
2042145646593949696,KingHpr24602,KingHpr24602,King Hpr,https://pbs.twimg.com/profile_images/2042145728965775360/5iQXgD1R_normal.png
2068415976652296192,Khd7Pshlnh,Khd7Pshlnh,Khd7Pshlnh,https://pbs.twimg.com/profile_images/2068418693173035009/nqUvhZ9e_normal.jpg
1634774204100018176,miadoggoo,miadoggoo,Moo🏳️‍⚧️,https://pbs.twimg.com/profile_images/1725362133540777984/MfI8D8sB_normal.jpg
1586939919334748160,purpleberryAnd5,purpleberryAnd5,ALA-LEE✨️💜✨️💜✨️💜✨️,https://pbs.twimg.com/profile_images/1874400650471337984/KsQqdRW3_normal.jpg
1921736449981820928,Hisoka2143,Hisoka2143,🐾Nice 2 Feet Ya!👣,https://pbs.twimg.com/profile_images/1921785455755894784/GYTVA12v_normal.jpg
1393985018872188937,GGamerfox,GGamerfox,Goldfox_GamerFox,https://pbs.twimg.com/profile_images/2058815813079998464/5ARhp954_normal.jpg
1396381329307148288,BunnyGilmour101,BunnyGilmour101,GilmourBear001,https://pbs.twimg.com/profile_images/1396802830439272452/tlF4VVK3_normal.jpg
1480106962931093507,Midnos14,Midnos14,Midnos,https://pbs.twimg.com/profile_images/1806646256984313857/OztVby0H_normal.jpg
1658994756620525568,krlsscnh,krlsscnh,krls,https://pbs.twimg.com/profile_images/1985721391149408256/GGYbT3qK_normal.jpg
2066826595659374592,narges_dareh,narges_dareh,star,https://pbs.twimg.com/profile_images/2066829752468725760/QUrVRu0A_normal.jpg
1450344507745058816,sawwamii,sawwamii,sam ♡,https://pbs.twimg.com/profile_images/2071869664720723968/HmbK_myn_normal.jpg
1843112980050841600,ShannyTalk,ShannyTalk,Shanny's MySpace 🏳️‍⚧️,https://pbs.twimg.com/profile_images/1977800424104079360/mjsugFOK_normal.jpg
1074882652887572481,retroadic,retroadic,RETROADIC,https://pbs.twimg.com/profile_images/1074893028882472960/gpVUGl51_normal.jpg
1470261837614632960,Fan0fCulture96,Fan0fCulture96,Fan0fCulture96,https://pbs.twimg.com/profile_images/1791268097711824897/ffVY6svt_normal.jpg
1824144548660162560,NguyenVu342221,NguyenVu342221,mizuu,https://pbs.twimg.com/profile_images/2070136177240440832/AjfXA0gw_normal.jpg
820622852185526279,Jessaroonii,Jessaroonii,Jess,https://pbs.twimg.com/profile_images/2050393493848162304/rCd1Ah18_normal.jpg
522661829,Mo3RoseWhite,Mo3RoseWhite,💖🌹Miss Mo3 Rose🌹💖,https://pbs.twimg.com/profile_images/1882998684033667073/GvpeTbZc_normal.jpg
2038908278730797056,Royalteethlover,Royalteethlover,⋆.˚ ᡣ𐭩 .𖥔˚ Ember ( Read 📌 ) ( TADC 9 SPOILERS ),https://pbs.twimg.com/profile_images/2068239890668756992/5mQLhQaF_normal.jpg
1654993160450322440,1Bubble_Chan,1Bubble_Chan,區域Zone,https://pbs.twimg.com/profile_images/2054647291080736768/_4GE9ixr_normal.jpg
1448467117750292485,gracdtt,gracdtt,🔞,https://pbs.twimg.com/profile_images/2069979319284142080/pT7JMPnH_normal.jpg
1270237381124292609,_pommecake_e,_pommecake_e,_pommecake_e,https://pbs.twimg.com/profile_images/2029396747085357056/4yb53azj_normal.jpg
1627454846646231040,DigitaIJester_,DigitaIJester_,ℙ𝕠𝕞𝕟𝕚 𖤐⊹₊ 🎪⋆,https://pbs.twimg.com/profile_images/2068123044598415360/vSZm_h0u_normal.jpg
1388619073534058497,bubbles_catheri,bubbles_catheri,Bubbles Catherine 1,https://pbs.twimg.com/profile_images/1388619867356467200/aD50R77H_normal.jpg
2055468596604948480,RyanSteveJuwn,RyanSteveJuwn,Ryan Steve John,https://abs.twimg.com/sticky/default_profile_images/default_profile_normal.png
1434294163881660419,val___morado,val___morado,˚ʚ♡ɞ₊ mariposa ₊˚ʚ♡ɞ,https://pbs.twimg.com/profile_images/2040694446724157442/uX-jNIf2_normal.jpg
2819939813,Ninastasia_,Ninastasia_,Agamemnon CEO || Neuf Stupid Kennedy | 🔪🎃,https://pbs.twimg.com/profile_images/2058659628477476864/xVy7vMbS_normal.jpg
2037275361650655232,Lorenzo74209292,Lorenzo74209292,@DC,https://pbs.twimg.com/profile_images/2037276011700903937/QOEx4R7Z_normal.jpg
1779749789175037952,mister_nebulous,mister_nebulous,🔺nebby🔻 HOPECORE 🗣️,https://pbs.twimg.com/profile_images/2067605192175185920/kqJMljKw_normal.jpg
1389258575730642947,AWAKE_AT_354_AM,AWAKE_AT_354_AM,awake at 3:54am,https://pbs.twimg.com/profile_images/2071266281320251393/J97k3vOx_normal.jpg
1266617646994374656,sOgnOgn3oOi2c8N,sOgnOgn3oOi2c8N,千海✨( 好想学吉他啊～,https://pbs.twimg.com/profile_images/1983136537890918401/LSeDgbbQ_normal.jpg
2041687767109816321,Mikom__Powun,Mikom__Powun,cesar,https://pbs.twimg.com/profile_images/2041691887892103168/0zpjyqCM_normal.jpg
2733412063,CorvidCorner32,CorvidCorner32,🐦‍⬛🏳️‍🌈🏳️‍⚧️Zilly DeCode🏳️‍⚧️🏳️‍🌈🐦‍⬛,https://pbs.twimg.com/profile_images/1885064229884928000/WMN_qvmY_normal.jpg
1871314157460426752,UslssWyt,UslssWyt,Hacked Loser Pumpslut ❤️,https://pbs.twimg.com/profile_images/2071869232808103936/27cA9oCn_normal.jpg
1778308647187333121,faebearx,faebearx,faebearx,https://pbs.twimg.com/profile_images/2066224576078692352/8lJqzLFU_normal.jpg
2001982646101176320,AkiraHozuki2531,AkiraHozuki2531,Hanako,https://pbs.twimg.com/profile_images/2009593817734021122/LEp3GTdL_normal.jpg
1579574000044285952,victzophilix_,victzophilix_,vic‼️,https://pbs.twimg.com/profile_images/1846332255691493376/aXbewhla_normal.jpg
1532820962659516416,Andylopkaty1,Andylopkaty1,Andwx,https://pbs.twimg.com/profile_images/2066287546191998976/i5Jw0atu_normal.jpg
1654965989405077505,asinchek5,asinchek5,chek_asin1,https://pbs.twimg.com/profile_images/1782503565543493632/rqzwwaVs_normal.jpg
1831299083740332033,chimylaurels,chimylaurels,chimy- tadc ended and I’m not okay,https://pbs.twimg.com/profile_images/2000521574290497539/Zw_wehFE_normal.jpg
1848364949078491136,dontbefruitylvr,dontbefruitylvr,befruity💛💙,https://pbs.twimg.com/profile_images/2070849259948146689/MB5UusyG_normal.jpg
825543630739951617,Yamato_No_Anbu,Yamato_No_Anbu,Laxus,https://pbs.twimg.com/profile_images/2016729390298857472/Upq5kS5e_normal.jpg
1764876566818078720,MeowsticPaws,MeowsticPaws,MeowsticPaws 🐾,https://pbs.twimg.com/profile_images/2004961675229696000/P85bLIRT_normal.jpg
2050254975582773248,Mariah389068679,Mariah389068679,Mariah,https://pbs.twimg.com/profile_images/2050255370036072448/C4h1jtSp_normal.png
1455444831757471745,Ot28PxV2Y0XtLMg,Ot28PxV2Y0XtLMg,ポフィア,https://pbs.twimg.com/profile_images/2050146369185472512/M7jMVwMU_normal.jpg
764747447067222016,Somebody_sub_AC,Somebody_sub_AC,もえぎシオン(萌黄紫苑),https://pbs.twimg.com/profile_images/1893975866193154048/N6GXm2jv_normal.jpg
369455654,kcottrill95,kcottrill95,⭐️,https://pbs.twimg.com/profile_images/1358924435487674370/AScPhv-1_normal.jpg
1462184051142496260,HazelNut3562,HazelNut3562,HazelNut3562,https://pbs.twimg.com/profile_images/2025898271147806720/MjBPQ12J_normal.jpg
1856196321402814464,Adr14n580,Adr14n580,Adr14nnn,https://pbs.twimg.com/profile_images/1856196411009777664/vQjD50Un_normal.png
2006065869865312256,incorrectpassip,incorrectpassip,incorrectpassip,https://pbs.twimg.com/profile_images/2006066029579911168/xgHgMfQZ_normal.jpg
1653609394871975936,Yuli_Gamer7v7,Yuli_Gamer7v7,Yuli,https://pbs.twimg.com/profile_images/2061526686076669952/3eIKKXty_normal.jpg
1880826906830127104,Shaela_Nichols,Shaela_Nichols,Shaela Nichols,https://pbs.twimg.com/profile_images/2065194200917041152/oeETGQwy_normal.jpg
1280082641140711425,kuromi_rui,kuromi_rui,via ﾐ › ⬞ ‹ ྀིﾐ,https://pbs.twimg.com/profile_images/2068797542423248896/wxc0WsmP_normal.jpg
1624215475390652416,rozenmori,rozenmori,𓆩✧𓆪 Krow ☾,https://pbs.twimg.com/profile_images/2067199609055969280/Pi2OpohR_normal.jpg
1292182426177826816,Princesspoppyl1,Princesspoppyl1,˗ˏˋ ꒰ 𝘳𝘰𝘴𝘴 ꒱ ˎˊ˗,https://pbs.twimg.com/profile_images/2068102648600125440/hkZuSHcK_normal.jpg
1596251703686451206,noeulerc,noeulerc,darius,https://pbs.twimg.com/profile_images/2058101236969156608/83UP1n9D_normal.jpg
1899521795302346752,1icyhot,1icyhot,icy (3),https://pbs.twimg.com/profile_images/1909142521797541888/WVx1vMcX_normal.jpg
1708674507173425152,AllanRa71375598,AllanRa71375598,un wey pendejo,https://pbs.twimg.com/profile_images/2068538016474296320/LWkcez9W_normal.jpg
1829637826436333568,GaizofArt,GaizofArt,GaizofArt,https://pbs.twimg.com/profile_images/2026148062066823168/iVBLWrJf_normal.jpg
2046555631927115776,vvivqqw,vvivqqw,vv,https://pbs.twimg.com/profile_images/2051625869181849600/6vqWTlPk_normal.jpg
1462168112409849864,EveyEnsnared,EveyEnsnared,EveyEnsnared,https://pbs.twimg.com/profile_images/2066960664103374848/mPPM5sWJ_normal.jpg
1146660327406235649,sumbiewashere,sumbiewashere,sumbie,https://pbs.twimg.com/profile_images/1998194906767261696/1azSpdni_normal.jpg
1950924341262405632,Worcester_S4uce,Worcester_S4uce,Worcester,https://abs.twimg.com/sticky/default_profile_images/default_profile_normal.png
1996609896972959744,maxtheman12345,maxtheman12345,Max,https://pbs.twimg.com/profile_images/2037219786866774016/kQoa852r_normal.jpg
1167819241229365248,AlexisuwuAlexis,AlexisuwuAlexis,Alexis (she/her) 🏳️‍⚧️ (dm me the word 'deer'),https://pbs.twimg.com/profile_images/1337389555863982083/GFu_etbo_normal.jpg
939719191375917056,enjelrqr,enjelrqr,heh,https://pbs.twimg.com/profile_images/1683042385448816644/0imYgw7I_normal.jpg
753996280183926784,eitokokichiaki,eitokokichiaki,ᯓ★ star ᯓ★ (28/100),https://pbs.twimg.com/profile_images/1996020641837854720/jwzo7FBQ_normal.jpg
1588923591831199749,JacobFl14946702,JacobFl14946702,JNathan,https://pbs.twimg.com/profile_images/1588923753148342273/d__o_GrI_normal.jpg
1516834142322929667,Petitsweettreat,Petitsweettreat,Petitsweettreat,https://pbs.twimg.com/profile_images/1893127990122250241/COPSV-TA_normal.jpg
1029501282644418560,PlusUltraQueen,PlusUltraQueen,👑🩵CindyyRoll🩵👑 Pomni 🤡♥️💙,https://pbs.twimg.com/profile_images/2065382376188919808/4vW1zjl5_normal.jpg
1474069814532460565,MythFaith,MythFaith,MythFaith,https://pbs.twimg.com/profile_images/2045950905036709888/m3oklHL8_normal.jpg
1484649785965559808,MidnightLeen,MidnightLeen,MidnightLeen,https://pbs.twimg.com/profile_images/1943861635396825088/m-3kLXEz_normal.jpg
1686212873385619457,XochiWaffles,XochiWaffles,DakkaWaffles🏳️‍⚧️🏳️‍🌈🇲🇽,https://pbs.twimg.com/profile_images/1816622896501895168/AnwjbrvD_normal.jpg
2820414702,DonLewis_e,DonLewis_e,Lewis E. Cú,https://pbs.twimg.com/profile_images/1994982189264445440/wETbcIva_normal.jpg
2063274217898909697,Pomnifanclub,Pomnifanclub,Pomnifanclub,https://pbs.twimg.com/profile_images/2063274970004770816/mI8DNx4l_normal.jpg
1912894707308597248,serialdesi46363,serialdesi46363,serial_designation_n,https://pbs.twimg.com/profile_images/1912895016462422016/qxNdTUVj_normal.jpg
2039846280705572864,man_bibby,man_bibby,Bibby Man,https://pbs.twimg.com/profile_images/2039848722021122048/ZP0496Cw_normal.jpg
1041374300715008002,ChubbysArt,ChubbysArt,ChubbysArt,https://pbs.twimg.com/profile_images/2069637542828220416/OQ86h-Xb_normal.jpg
1091374529748893696,sketchzip,sketchzip,zipzip Ი⑅𐑼 SE QUEDÓ VIUDA,https://pbs.twimg.com/profile_images/2064859875599880192/F3__M8C8_normal.jpg
1850240513653587968,BunnyDubs2_0,BunnyDubs2_0,BunnyDubs2_0 🤍❤️#Silvamy,https://pbs.twimg.com/profile_images/2061468811501465601/SJmGWyd4_normal.jpg
1989985748960063488,doop484367,doop484367,doop484367,https://pbs.twimg.com/profile_images/2070804587074711552/0IcdaSHF_normal.jpg
1681120066660880385,CalyxMike67701,CalyxMike67701,Calyx Mike,https://abs.twimg.com/sticky/default_profile_images/default_profile_normal.png
1136288791063334912,Spring_Vang626,Spring_Vang626,Spring 626,https://pbs.twimg.com/profile_images/1657649939319595008/FWdXA_ED_normal.jpg
1098307403613855744,TheMachine2025,TheMachine2025,Slendytubbies gamers 2900,https://pbs.twimg.com/profile_images/2005315801151078401/UH3qNlju_normal.jpg
1527073397460590595,Soy_ElSr_K,Soy_ElSr_K,Soy_ElSr_K,https://pbs.twimg.com/profile_images/2064979977649491968/SaCuLQa4_normal.jpg
2253815630,_AbsoluteDream_,_AbsoluteDream_,_AbsoluteDream_,https://pbs.twimg.com/profile_images/2027094303248732160/rer9o6b4_normal.jpg
2045097808248680448,RKlKzaIKPF14169,RKlKzaIKPF14169,とうにゅう,https://pbs.twimg.com/profile_images/2045097879111454722/xGnWgIbh_normal.png
1385282427237584904,PoisonnShroom,PoisonnShroom,Shadow Shroom,https://pbs.twimg.com/profile_images/2001324648059850752/qAlptANG_normal.jpg
1888879765391818752,JustBoIdk,JustBoIdk,Pomni.exe🇵🇭,https://pbs.twimg.com/profile_images/2047521834606997504/2-UP0FMy_normal.jpg
